연번,시도,기관명,주소,전화번호,운영주체,법인유형
1,강원,강릉종합사회복지관,"강원도 강릉시 강변로 510, 관리사무소건물 2층",033-653-6375,월정사복지재단,사회복지법인
2,강원,명륜종합사회복지관,강원도 원주시 예술관길 25,033-762-8131,성불복지회,사회복지법인
3,강원,밥상공동체종합사회복지관,강원도 원주시 일산로 81-2,033-766-4933,밥상공동체복지재단,사회복지법인(직영)
4,강원,삼척시종합사회복지관,강원도 삼척시 원당로 2길 72-6,033-573-6168,원주가톨릭사회복지회,사회복지법인
5,강원,속초종합사회복지관,강원도 속초시 먹거리길19,033-631-8761,대한불교조계종신흥사복지재단,사회복지법인
6,강원,영월군종합사회복지관,강원도 영월군 영월읍 단종로 12,033-375-4600,원주가톨릭사회복지회,사회복지법인
7,강원,원주가톨릭종합사회복지관,강원도 원주시 봉산로 103,033-731-1121,원주가톨릭사회복지회,사회복지법인(직영)
8,강원,원주종합사회복지관,강원도 원주시 육판길 1,033-732-4006,원주종합사회복지재단,사회복지법인
9,강원,월드비전동해종합사회복지관,강원도 동해시 전천로 273-10,033-533-8247,월드비전,사회복지법인
10,강원,월드비전춘천종합사회복지관,강원도 춘천시 근화길 95,033-254-7244,월드비전,사회복지법인(직영)
11,강원,인제군사회복지관,강원도 인제군 비봉로44번길 100,033-461-0660,작은공,사회복지법인
12,강원,정선군종합사회복지관,강원도 정선군 정선읍 봉양7길 16,033-562-2922,원주가톨릭사회복지회,사회복지법인
13,강원,춘천종합사회복지관,강원도 춘천시 후석로228번길 47,033-242-0051,천주교춘천교구사회복지회,사회복지법인
14,강원,춘천효자종합사회복지관,강원도 춘천시 공지로 234-16,033-261-1790,기독교대한감리회 사회복지재단,사회복지법인
15,강원,홍천군종합사회복지관,강원도 홍천군 홍천읍 너브내길123,033-436-3004,대한불교천태종복지재단,재단법인
16,강원,횡성군종합사회복지관,"강원도 횡성군 횡성읍 횡성로 379, 횡성군종합보건복지타운 3층",033-345-3450,원주가톨릭사회복지회,사회복지법인
17,경기,(경기)상동종합사회복지관,경기도 부천시 석천로 16번길 50,032-652-0420,양지바른,사회복지법인
18,경기,갈매사회복지관,경기도 구리시 갈매순환로 143 LH1단지 101동 1층,031-571-1118,한양여자대학교 산학협력단,학교법인
19,경기,거모종합사회복지관,경기도 시흥시 군자로 466번길37 (거모동 1738-9),031-493-6347,삼우복지재단,사회복지법인(직영)
20,경기,고강종합사회복지관,경기도 부천시 고리울로 79 고강종합사회복지관,032-677-9090,행복복지재단,사회복지법인
21,경기,고산종합사회복지관,경기도 의정부시 정음로15 고산종합사회복지관,031-845-6900,나눔고용복지재단,사단법인
22,경기,고양시덕양행신종합사회복지관,경기도 고양시 덕양구 서정마을2로 13,031-839-6000,승가원,사회복지법인
23,경기,고양시문촌7종합사회복지관,경기도 고양시 일산서구 킨텍스로 340,031-916-4071,우림복지재단,사회복지법인
24,경기,고양시문촌9종합사회복지관,경기도 고양시 일산서구 주엽로 156,031-917-0202,고앤두,사회복지법인
25,경기,고양시원당종합사회복지관,경기도 고양시 덕양구 호국로716번길 13-11(성사동),031-966-4007,행복복지재단,사회복지법인
26,경기,고양시원흥종합사회복지관,경기도 고양시 덕양구 삼원로 102,031-964-9380,효샘,사회복지법인
27,경기,고양시일산종합사회복지관,경기도 고양시 일산서구 고양대로 654,031-975-3322,대건카리타스,사회복지법인
28,경기,고양시지축종합사회복지관,경기도 고양시 지축로163 LH8단지 802동 1층,02-381-8938,한벗재단,사회복지법인
29,경기,고양시향동종합사회복지관,경기도 고양시 덕양후 향기5로 55,02-6959-4436,한국재활복지회,사단법인
30,경기,고양시흰돌종합사회복지관,경기도 고양시 일산동구 장백로 61,031-905-3400,한국YMCA전국연맹유지재단,재단법인
31,경기,과천종합사회복지관,"경기도 과천시 별양상가 1로 10, 과천타워 3층",02-507-6319,대한불교조계종사회복지재단,사회복지법인
32,경기,광교종합사회복지관,경기도 수원시 영통구 대학2로 41,031-212-7255,꿈행복나눔재단,재단법인
33,경기,구리시종합사회복지관,경기도 구리시 벌말로129번길 50,031-556-8100,삼육재단,사회복지법인
34,경기,군포시가야종합사회복지관,"경기도 군포시 번영로 331-1, 2층",031-395-4894,한국기독교청년회전국연맹유지재단(군포YMCA),재단법인
35,경기,군포시매화종합사회복지관,경기도 군포시 곡란로22,031-393-3677,연꽃마을,사회복지법인
36,경기,군포시주몽종합사회복지관,"경기도 군포시 광정로 122(산본동, 주몽10단지 내)",031-398-4781,한기장복지재단,사회복지법인
37,경기,김포시제2종합사회복지관,경기도 김포시 통진읍 마송리 502,031-996-0150,김포복지재단,재단법인
38,경기,김포시종합사회복지관,경기도 김포시 사우중로 100,031-989-8271,나눔과섬김,사단법인
39,경기,남양주시남부희망케어센터,경기도 남양주시 와부 월문천로35 별관 1층,031-593-9024,남양주시복지재단,재단법인
40,경기,남양주시동부희망케어센터,경기도 남양주시 화도읍 경춘로달뫼1길 20-8,031-511-1062,남양주시복지재단,재단법인
41,경기,남양주시북부희망케어센터,경기도 남양주시 진접읍 금강로1509-26 진접오남행정복지센터 복지동 1층,031-528-4071,남양주시복지재단,재단법인
42,경기,남양주시서부희망케어센터,경기도 남양주시 다산중앙로123번길 47 다산메트로 3단지 3301동,031-551-2645,남양주시복지재단,재단법인
43,경기,녹양종합사회복지관,경기도 의정부시 체육로 254,031-826-7400,사랑교육복지재단,사회복지법인
44,경기,능실종합사회복지관,경기도 수원시 권선구 호매실로 166번길 10,031-291-8475,힘찬동네,사단법인
45,경기,대산종합사회복지관,"경기도 부천시 심곡로9번길 54, 5층",032-665-6061,기독교대한감리회 사회복지재단,사회복지법인
46,경기,도촌종합사회복지관,경기도 성남시 중원구 도촌북로 92,031-720-8500,여의도순복음연합,재단법인
47,경기,만안종합사회복지관,경기도 안양시 만안구 박달로 547-1,031-464-9701,돕는사람들,사회복지법인
48,경기,범안종합사회복지관,경기도 부천시 범안로129번길 17 2층,032-719-8180,한국재활복지회,사단법인
49,경기,본오종합사회복지관,경기도 안산시 상록구 이호로 39,031-438-8321,천주교수원교구사회복지회,사회복지법인
50,경기,부곡종합사회복지관,경기도 안산시 상록구 성호로 303,031-417-3677,연꽃마을,사회복지법인
51,경기,부락종합사회복지관,경기도 평택시 서정로303,031-611-4820,천주교 수원교구 사회복지회,사회복지법인
52,경기,산성종합사회복지관,경기도 성남시 수정구 수정남로 306번길 15-16,031-746-0453,새날복지회,사단법인
53,경기,분당종합사회복지관,경기도 성남시 분당구 정자일로 33,031-715-1063,분당사회관,사회복지법인(직영)
54,경기,삼정종합사회복지관,경기도 부천시 삼작로 52,032-323-3162,한국장로교복지재단,사회복지법인
55,경기,성남위례종합사회복지관,경기도 성남시 수정구 위례광장로 311,031-758-0701,미래복지경영,사단법인
56,경기,소사본종합사회복지관,경기도 부천시 호현로 489번길 50,032-349-3100,서울신학대학교,학교법인(직영)
57,경기,시립광명종합사회복지관,경기도 광명시 오리로 1018,02-2687-2921,사랑나눔복지공동체,사단법인
58,경기,시흥시대야종합사회복지관,경기도 시흥시 호현로 55,031-404-8112,시흥시자원봉사단체협의회,사단법인
59,경기,시흥시목감종합사회복지관,경기도 시흥시 목감초등길 45,031-403-0110,천주교수원교구 사회복지회,사회복지법인
60,경기,시흥시장곡종합사회복지관,경기도 시흥시 동서장곡길 55,031-380-5446,시흥시,지자체(직영)
61,경기,시흥시정왕종합사회복지관,경기도 시흥시 정왕대로 233번길 27(정왕동 1800-8),031-319-6195,열린자리,사회복지법인
62,경기,신중동종합사회복지관,경기도 부천시 도약로 146 1단지관리사무소 건물 2층 복지관,032-325-2161,룸비니,사회복지법인
63,경기,심곡동종합사회복지관,"경기도 부천시 장말로 351번길 9, 3층 심곡동종합사회복지관",032-612-0726,인천가톨릭사회복지회,사회복지법인
64,경기,안산시선부종합사회복지관,경기도 안산시 단원구 화정로9,031-410-6070,기독교대한감리회 사회복지재단,사회복지법인
65,경기,안산시와동종합사회복지관,경기도 안산시 단원구 와동로 118,031-475-4321,굿프랜드복지재단,사회복지법인
66,경기,안산시초지종합사회복지관,경기도 안산시 단원구 원초로76,031-410-2151,강물,사회복지법인
67,경기,안성종합사회복지관,경기도 안성시 산수유길 15,031-671-0631,성결원,사회복지법인(직영)
68,경기,안양시부흥종합사회복지관,경기도 안양시 동안구 달안로39,031-382-7557,한국장로교복지재단,사회복지법인
69,경기,안양시비산종합사회복지관,경기도 안양시 동안구 임곡로 74,031-446-5936,위니버스,사단법인
70,경기,안양시율목종합사회복지관,경기도 안양시 만안구 병목안로 130번길 166,031-466-9125,기독교대한감리회사회복지재,사회복지법인
71,경기,양주시옥정종합사회복지관,경기도 양주시 옥정동로258(천년나무8단지 입구),031-868-9072,서정대학교 산학협력단,학교법인
72,경기,양평군종합사회복지관,경기도 양평군 용문면 용문역길67,031-775-7741,대한불교조계종사회복지재단,사회복지법인
73,경기,연무사회복지관,경기도 수원특례시 장안구 창룡대로 151번길 8,031-245-7576,경기사회봉사회,사회복지법인
74,경기,영통종합사회복지관,경기도 수원시 영통구 반달로 45,031-201-8300,대한불교조계종사회복지재단,사회복지법인
75,경기,오산남부종합사회복지관,경기도 오산시 오산로 132번길 28-5,031-376-6193,오산예일,사단법인
76,경기,오산세교종합사회복지관,"경기도 오산시 수청로192, 4층",031-290-8501,세교복지재단,사회복지법인
77,경기,오산종합사회복지관,경기도 오산시 현충로 104,031-378-2740,한신대학교 산학협력단,학교법인
78,경기,오정종합사회복지관,경기도 부천시 성오로 149번길 18,032-677-0108,룸비니,사회복지법인
79,경기,용인종합사회복지관,경기도 용인시 처인구 이동읍 이원로 69-8,031-334-9966,혜린,사회복지법인(직영)
80,경기,우만종합사회복지관,경기도 수원시 팔달구 창룡대로210번길 13,031-254-1992,천주교수원교구사회복지회,사회복지법인
81,경기,월드비전 성남종합사회복지관,경기도 성남시 중원구 금빛로89,031-748-7151,월드비전,사회복지법인(직영)
82,경기,은행종합사회복지관,경기도 성남시 중원구 산성대로 518번길 30,031-743-7300,굿패밀리복지재단,사회복지법인
83,경기,작은자리종합사회복지관,경기도 시흥시 시흥대로 1087,031-313-6249,복음자리,사회복지법인(직영)
84,경기,장암종합사회복지관,경기도 의정부시 회룡로192번길 11(장암동),031-874-8081,한국기독교청년회전국연맹유지재단,재단법인
85,경기,중탑종합사회복지관,경기도 성남시 판교로 607,031-706-0167,할렐루야복지재단,사회복지법인
86,경기,철산종합사회복지관,경기도 광명시 연서일로 4-3,02-2617-0410,대한불교조계종사회복지재단,사회복지법인
87,경기,청솔종합사회복지관,경기도 성남시 분당구 미금로 246,031-714-6333,대한불교천태종복지재단,사회복지법인
88,경기,춘의종합사회복지관,경기도 부천시 원미로 202,032-653-6131,행복을나누는사람들,사단법인
89,경기,파주시문산종합사회복지관,경기도 파주시 문산읍 통일로 1680 문산행복센터 內,031-934-2000,해피월드복지재단,사회복지법인
90,경기,파주시운정종합사회복지관,경기도 파주시 운정중앙로200 물향기마을 1단지 내,031-957-8253,서영대학교 산학협력단,학교법인
91,경기,판교종합사회복지관,경기도 성남시 분당구 운중로 254,031-703-8100,함께하는한숲,사단법인
92,경기,포천시종합사회복지관,경기도 포천시 군내면 청성로 5 포천종합사회복지관,031-531-4055,대한사회복지회,사회복지법인
93,경기,하남시감일종합사회복지관,경기도 하남시 감일순환로 95-3,02-474-3111,휴먼복지회,사회복지법인
94,경기,하남시미사강변종합사회복지관,"경기도 하남시 아리수로565, 1301동 1층",031-795-1301,하남시민생안정후원회,사단법인
95,경기,하남시종합사회복지관,경기도 하남시 덕풍천서로 9,031-790-2900,홀트아동복지회,사회복지법인
96,경기,하안종합사회복지관,"경기도 광명시 하안로238(하안3동, 200번지, 신관3층)",02-895-4553,나눔과섬김,사단법인
97,경기,한솔종합사회복지관,경기도 성남시 분당구 내정로 94,031-8022-1100,연꽃마을,사회복지법인
98,경기,함현상생종합사회복지관,경기도 시흥시 함송로29번길 67,031-434-8040,상생복지회,사회복지법인(직영)
99,경기,합정종합사회복지관,"경기도 평택시 평택로 22, 관리동",031-655-5337,구세군복지재단,사회복지법인
100,경기,화성시나래울종합사회복지관,경기도 화성시 여울로2길 33,031-8015-7300,일송학원,학교법인
101,경기,화성시남부종합사회복지관,경기도 화성시 향남읍 행정서로 3길 50,031-366-0888,나눔과실천,사단법인
102,경기,화성시동탄어울림종합사회복지관,경기도 화성시 동탄대로시범길 133,031-376-5211,위드캔복지재단,사회복지법인
103,경기,화성시동탄치동천종합사회복지관,경기도 화성시 동탄순환대로 24길 101,031-378-8111,경산복지재단,사회복지법인
104,경기,화성시서부종합사회복지관,경기도 화성시 송산면 사강로145,031-366-7390,천주교 수원교구 사회복지회,사회복지법인
105,경남,(경남)서부종합사회복지관,경남 사천시 곤양면 서정리 998-1,055-831-2482,사천시,지자체(직영)
106,경남,거제시종합사회복지관,경남 거제시 양정1길 45,055-636-0303,거제시희망복지재단,재단법인(직영)
107,경남,거창군종합사회복지관,경남 거창군 거창읍 아림로 66,055-940-8750,거창군,지자체(직영)
108,경남,경남종합사회복지관,경남 창원시 마산회원구 팔용로 272,055-298-8600,인애복지재단,사회복지법인
109,경남,고성군종합사회복지관,경남 고성군 고성읍 동외로 156번길 36,055-670-5913,고성군청,지자체(직영)
110,경남,김해시구산사회복지관,경남 김해시 가락로222(구산동),055-310-8470,김해시복지재단,재단법인
111,경남,김해시종합사회복지관,경남 김해시 분성로 227,055-329-6336,인제대학교 산학협력단,학교법인
112,경남,남해군종합사회복지관,경남 남해군 남해읍 망운로 32,055-860-3819,남해군,지자체(직영)
113,경남,내서종합사회복지관,경남 창원특례시 마산회원구 내서읍 상곡로 49,055-231-8017,통도사자비원,사회복지법인
114,경남,도남사회복지관,경남 통영시 발개로 153 도남사회복지관,055-645-0645,통영YWCA,사단법인
115,경남,동부사회복지관,경남 의령군 부림면 신번로 181,055-570-4739,의령군,지자체(직영)
116,경남,마산종합사회복지관,경남 창원시 마산합포구 월영북로 46,055-223-9980,영신복지재단,사회복지법인
117,경남,밀양시종합사회복지관,경남 밀양시 중앙로 218(삼문동),055-350-1000,나눔과베품,사회복지법인
118,경남,사천시종합사회복지관,경남 사천시 벌리6길 102,055-831-2480,사천시,지자체(직영)
119,경남,삼천포종합사회복지관,경남 사천시 임내길 36,055-834-4195,홍아,사회복지법인
120,경남,상하북종합사회복지관,경남 양산시 상북면 삼계동길 27,055-795-2000,통도사자비원,사회복지법인
121,경남,양산시종합사회복지관,경남 양산시 물금읍 오봉10길 8,055-365-9544,통도사자비원,사회복지법인
122,경남,옥포종합사회복지관,경남 거제시 옥포대첩로 84,055-680-7000,거제시희망복지재단,재단법인
123,경남,웅상종합사회복지관,경남 양산시 덕계7길 26,055-367-7612,양산시복지재단,재단법인(직영)
124,경남,의령군종합사회복지관,경남 의령군 의령읍 의병로8길 44,055-570-2860,의령군,지자체(직영)
125,경남,진주시가좌사회복지관,경남 진주시 가호로 26,055-754-0016,진주시복지재단,재단법인
126,경남,진주시종합사회복지관,경남 진주시 진양호로 476,055-749-2496,진주시,지자체(직영)
127,경남,진주시평거종합사회복지관,경남 진주시 진양호로125번길 4-1,055-746-5480,진주시사회복지협의회,사회복지법인
128,경남,진해자은종합사회복지관,경남 창원시 진해구 진해대로901번길 7(자은동),055-546-9117,드림재단,사회복지법인
129,경남,창원시진해종합사회복지관,경남 창원시 진해구 진해대로 1101,055-540-0100,천주교마산교구 사회복지회,사회복지법인
130,경남,창원종합사회복지관,경남 창원시 의창구 태복산로31번길 16,055-282-3737,마산교구천주교회유지재단,재단법인(직영)
131,경남,통영시종합사회복지관,경남 통영시 안개4길 94,055-640-7700,천주교마산교구사회복지회,사회복지법인
132,경남,하동군종합사회복지관,경남 하동군 하동읍 오룡정길 25-3,055-884-1478,하동군,지자체(직영)
133,경남,함안군종합사회복지관,경남 함안군 칠원면 삼칠로 155,055-580-2457,함안군,지자체(직영)
134,경남,함양군종합사회복지관,경남 함양군 함양읍 필봉산길 55,055-960-5533,함양군,지자체(직영)
135,경남,합천군종합사회복지관,경남 합천군 합천읍 동서로 39,055-930-4924,합천군,지자체(직영)
136,경북,(경북)학산종합사회복지관,경북 포항시 북구 장미길31,054-248-6165,열린가람,사회복지법인
137,경북,경산시백천종합사회복지관,경북 경산시 경청로222길 9-1,053-811-1347,대한불교조계종사회복지재,사회복지법인
138,경북,경주시종합사회복지관,경북 경주시 승삼1길 32,054-771-8107,자선단,사회복지법인
139,경북,구미종합사회복지관,경북 구미시 검성로 103-2,054-472-5060,대구가톨릭사회복지회,사회복지법인
140,경북,금오종합사회복지관,경북 구미시 문장로 110,054-458-0230,대한불교조계종사회복지재단,사회복지법인
141,경북,김천부곡사회복지관,경북 김천시 문지왈길 70,054-439-0160,대구가톨릭사회복지회,사회복지법인
142,경북,문경시종합사회복지관,경북 문경시 매봉4길 25,054-555-0108,대한불교조계종사회복지재단,사회복지법인
143,경북,상주시종합사회복지관,경북 상주시 냉림1길 43-18,054-532-5688,대한불교조계종사회복지재단,사회복지법인
144,경북,성주군종합사회복지관,경북 성주군 성주읍 성주순환로 271-9,054-933-9445,대구가톨릭사회복지회,사회복지법인
145,경북,안동시종합사회복지관,경북 안동시 은행나무로 106-5,054-853-3090,천주교안동교구사회복지회,사회복지법인
146,경북,영주시종합사회복지관,경북 영주시 대학로 130-1,054-639-0500,천주교안동교구사회복지회,사회복지법인
147,경북,영천시종합사회복지관,경북 영천시 충효로 147 4단지,054-332-8418,한국기독교청년회전국연맹유지재단,재단법인
148,경북,창포종합사회복지관,경북 포항시 북구 새천년대로 1075번길 10,054-246-4413,기쁨의복지재단,사회복지법인
149,경북,포항종합사회복지관,경북 포항시 남구 상공로46번길 13,054-281-3111,중앙엘림복지재단,사회복지법인
150,경북,흥덕종합사회복지관,경북 문경시 호서로 154,054-554-3320,한국기독교청년회전국연맹유지재단,재단법인
151,광주,각화종합사회복지관,광주광역시 북구 군왕로207번길6,062-265-1052,무진사회복지법인,사회복지법인
152,광주,금호종합사회복지관,광주광역시 서구 운천로 32번길 23,062-376-3017,삼동회,사회복지법인
153,광주,꿈나무사회복지관,광주광역시 북구 중문로 지하 58,062-419-8040,우성나눔재단,사회복지법인
154,광주,농성빛여울채종합사회복지관,광주광역시 서구 월산로 164-3,062-361-2233,대한불교조계종사회복지재단,사회복지법인
155,광주,동신대학교종합사회복지관,광주광역시 남구 월산로123번길 10,062-369-1324,동원,사회복지법인(직영)
156,광주,두암종합사회복지관,광주광역시 북구 삼정로 7(두암동0,062-266-8183,삼육재단,사회복지법인
157,광주,무등종합사회복지관,광주광역시 북구 삼정로 10,062-268-0093,기독복지회,사회복지법인
158,광주,무진종합사회복지관,광주광역시 서구 천변좌하로 594,062-372-2600,월드비전,사회복지법인(직영)
159,광주,빛고을종합사회복지관,광주광역시 동구 천변좌로 656,062-234-4563,은성복지회,사회복지법인
160,광주,송광종합사회복지관,광주광역시 광산구 우산로 17,062-941-8248,대한불교조계종사회복지재단,사회복지법인
161,광주,시민종합사회복지관,광주광역시 북구 양일로 76-1(양산동),062-571-4100,상록원,사회복지법인(직영)
162,광주,시영종합사회복지관,광주광역시 서구 화정로 87,062-373-0360,대한예수교장로회전남노회유지재단,재단법인
163,광주,쌍촌종합사회복지관,광주광역시 서구 쌍학로47,062-375-0035,인애동산,사회복지법인
164,광주,양지종합사회복지관,광주광역시 남구 제중로 24-10,062-673-1919,양림,사회복지법인
165,광주,오치종합사회복지관,광주광역시 북구 서하로194번길 6,062-263-8200,가톨릭광주사회복지,사회복지법인
166,광주,우산종합사회복지관,광주광역시 북구 중문로 55,062-266-3851,대한불교조계종사회복지재단,사회복지법인
167,광주,인애종합사회복지관,광주광역시 남구 용대로91(봉선동),062-676-5087,인애동산,사회복지법인
168,광주,첨단종합사회복지관,광주광역시 광산구 첨단 중앙로 160 (쌍암동 656-2),062-971-9500,광산구청,지자체(직영)
169,광주,하남종합사회복지관,광주광역시 광산구 월곡산정로 12,062-951-0701,투게더광산나눔문화재단,사회복지법인
170,광주,행복드림종합사회복지관,광주광역시 광산구 용아로 379번길 25-2,062-962-9130,광산구청,사회복지법인(직영)
171,대구,(대구)남구종합사회복지관,대구광역시 남구 중앙대로38길 17,053-476-7700,함께하는마음재단,사회복지법인
172,대구,(대구)서구종합사회복지관,대구광역시 서구 달구벌대로 365길 3,053-563-0777,대구가톨릭사회복지회,사회복지법인
173,대구,(대구)학산종합사회복지관,대구광역시 달서구 월성로77 월성주공2단지 아파트 내 학산종합사회복지관,053-634-7230,대구가톨릭사회복지회,사회복지법인
174,대구,가정종합사회복지관,대구광역시 북구 대동로 10길 9,053-955-8310,가정복지회,사회복지법인(직영)
175,대구,남산기독교종합사회복지관,대구광역시 중구 관덕정길 16,053-257-1244,대구남산복지재단,사회복지법인
176,대구,남산종합사회복지관,대구광역시 중구 남산로7길 80,053-254-2562,대구광역시장애인재활협회,사단법인
177,대구,달서구본동종합사회복지관,"대구광역시 달서구 송현로 113, 본동주공아파트 내",053-854-1666,대구가톨릭사회복지회,사회복지법인
178,대구,달서구성서종합사회복지관,대구광역시 달서구 신당로 56,053-583-1284,전석복지재단,사회복지법인
179,대구,달서구신당종합사회복지관,대구광역시 달서구 신당로 55,053-581-8310,가정복지회,사회복지법인
180,대구,달성군종합사회복지관,대구광역시 달성군 논공읍 논공로 697-9,053-615-9191,대구가톨릭사회복지회,사회복지법인
181,대구,대구종합사회복지관,대구광역시 동구 율하동로26길 67,053-964-3335,어린이재단,사회복지법인(직영)
182,대구,대명사회복지관,대구광역시 남구 양지로 8 (대명동),053-657-1170,무일복지재단,사회복지법인
183,대구,동촌종합사회복지관,대구광역시 동구 입석로 5,053-983-8211,아시아복지재단,사회복지법인(직영)
184,대구,범물종합사회복지관,대구광역시 수성구 범안로 79,053-781-2000,진명복지재단,사회복지법인
185,대구,본리종합사회복지관,대구광역시 달서구 당산로 37-14,053-563-1007,홀트아동복지회,사회복지법인
186,대구,산격종합사회복지관,"대구광역시 북구 연암로 183, 2층 산격종합사회복지관",053-381-9193,대구생명의전화,사회복지법인
187,대구,상인종합사회복지관,대구광역시 달서구 상화로 371,053-641-1100,대구가톨릭사회복지회,사회복지법인
188,대구,서구제일종합사회복지관,대구광역시 서구 옥산로6길 9(원대동),053-353-8310,가정복지회,사회복지법인
189,대구,선린종합사회복지관,대구광역시 북구 관음동로9길 10-25,053-323-2297,선린복지재단,사회복지법인(직영)
190,대구,안심제1종합사회복지관,대구광역시 동구 안심로22길 3,053-962-3831,전석복지재단,사회복지법인
191,대구,안심종합사회복지관,대구광역시 동구 율하동로 76,053-962-4137,대구가톨릭사회복지회,사회복지법인
192,대구,월성종합사회복지관,대구광역시 달서구 학산로7길 39,053-634-4113,대구시사회복지협의회,사회복지법인
193,대구,제일기독종합사회복지관,대구광역시 동구 송라로2길 17-6,053-755-9392,기독교대한감리회 사회복지재단,사회복지법인
194,대구,지산종합사회복지관,대구광역시 수성구 용학로 325,053-781-5156,보림,사회복지법인
195,대구,청곡종합사회복지관,대구광역시 수성구 노변공원로 49-1,053-793-9411,아시아복지재단,사회복지법인(직영)
196,대구,함장종합사회복지관,대구광역시 수성구 들안로19길 48,053-763-1182,화성복지재단,사회복지법인
197,대구,홀트대구종합사회복지관,대구광역시 수성구 달구벌대로 488길 13,053-746-7501,홀트아동복지회,사회복지법인(직영)
198,대구,황금종합사회복지관,대구시 수성구 청수로45길 41,053-768-1252,아시아복지재단,사회복지법인
199,대전,관저종합사회복지관,대전광역시 서구 구봉로13,042-545-6810,성애원,사회복지법인
200,대전,대덕종합사회복지관,대전광역시 대덕구 덕암로 234번길 44,042-936-7343,대전가톨릭사회복지회,사회복지법인
201,대전,대동종합사회복지관,대전광역시 동구 백룡로 48번길 79(대동),042-673-8337,평화의마을,사회복지법인
202,대전,대전기독교종합사회복지관,대전광역시 중구 보문산로 333번길 29,042-586-1500,감리회태화복지재단,사회복지법인
203,대전,대전종합사회복지관,대전광역시 대덕구 우암동로 15번길 20(비래동),042-627-2957,초록우산 어린이재단,사회복지법인
204,대전,둔산종합사회복지관,대전광역시 서구 둔산로 241,042-482-2032,대전광역시사회복지협의회,사회복지법인
205,대전,법동종합사회복지관,대전광역시 대덕구 계족로664번길 27,042-633-0239,자비복지원,사회복지법인
206,대전,보문종합사회복지관,대전광역시 중구 부용로 41번길 55,042-716-1001,대한불교조계종사회복지재단,사회복지법인
207,대전,산내종합사회복지관,대전광역시 동구 산내로 1352-25,042-272-0591,대전벧엘원,사회복지법인
208,대전,생명종합사회복지관,대전광역시 동구 동부로 56-7,042-283-9191,한국생명의전화,사회복지법인
209,대전,성락종합사회복지관,대전광역시 중구 선화로43번길 13,042-255-2278,기독교대한성결교회사회사업유지재단,사회복지법인(직영)
210,대전,송강사회복지관,대전광역시 유성구 봉산로45,042-934-6338,한국침례신학원,학교법인
211,대전,용문종합사회복지관,대전광역시 서구 계룡로 626-1,042-537-0615,미래복지경영,사단법인
212,대전,용운종합사회복지관,대전광역시 동구 용운로 110,042-284-5717,푸른하늘,사회복지법인
213,대전,월평종합사회복지관,"대전광역시 서구 월평북로11, 주공3단지 월평종합사회복지관",042-484-6181,대한예수교장노회 대전노회 유지재단,재단법인
214,대전,유성구종합사회복지관,대전광역시 유성구 도안대로 589번길 27,042-825-3183,대전가톨릭사회복지회,사회복지법인
215,대전,정림종합사회복지관,대전광역시 서구 계백로 1286번길 86,042-584-4451,대한예수교장노회대전노회유지재단,재단법인
216,대전,중리종합사회복지관,대전광역시 대덕구 계족로663번길 34,042-628-1476,삼동회,사회복지법인
217,대전,중촌사회복지관,대전광역시 중구 대전천서로 695,042-221-2577,천성원,사회복지법인
218,대전,판암사회복지관,대전광역시 동구 옥천로 152-9,042-285-1005,열림재단,사회복지법인
219,대전,한밭종합사회복지관,대전광역시 서구 월평북로11,042-484-5325,기독교연합봉사회,사회복지법인
220,부산,(부산)남구종합사회복지관,부산광역시 남구 동제당로 258,051-647-3655,시민이운영하는복지법인 우리마을,사회복지법인
221,부산,(부산)서구종합사회복지관,부산광역시 서구 망양로193번길 104,051-253-1922,로사리오카리타스,사회복지법인
222,부산,(부산)중구종합사회복지관,부산광역시 중구 망양로 309,051-464-3137,로사리오 카리타스,사회복지법인
223,부산,감만종합사회복지관,부산광역시 남구 우암로84-1,051-634-3415,로사리오카리타스,사회복지법인
224,부산,강서구종합사회복지관,부산광역시 강서구 대저로 63번길31(대저동),051-972-4591,YWCA복지사업단,사회복지법인
225,부산,개금종합사회복지관,부산광역시 부산진구 백양관문로77번길 140,051-893-5034,안국,사단법인
226,부산,공창종합사회복지관,부산광역시 북구 효열로 268,051-363-2063,공덕향,사회복지법인
227,부산,구평종합사회복지관,부산광역시 사하구 을숙도대로,051-263-3045,다가세,사단법인
228,부산,금곡종합사회복지관,부산광역시 북구 효열로 144,051-365-2211,자연수복지재단,사회복지법인(직영)
229,부산,금정구종합사회복지관,부산광역시 금정구 반송로 490번길 47(금사회동동),051-532-0115,천혜복지재단,사회복지법인
230,부산,기장종합사회복지관,부산광역시 기장군 기장읍 차성로 206,051-792-4730,기장군도시관리공단,공단(직영)
231,부산,낙동종합사회복지관,부산광역시 강서구 순아강변길 5,051-271-0560,진각복지재단,사회복지법인
232,부산,남광종합사회복지관,부산광역시 금정구 중앙대로 2349번길 3,051-508-1998,남광사회복지회,사회복지법인(직영)
233,부산,남산정종합사회복지관,부산광역시 북구 만덕대로 155번길 86-9,051-342-8206,청록사회복지재단,사회복지법인
234,부산,다대종합사회복지관,부산광역시 사하구 다대로 440,051-264-5420,행복한오늘,사회복지법인
235,부산,다행복한종합사회복지관,부산광역시 기장군 기장읍 차성로 417번길 11,051-792-4990,기장군도시관리공단,공단(직영)
236,부산,당감종합사회복지관,부산광역시 부산진구 당감서로16,051-896-2320,로사리오카리타스,사회복지법인
237,부산,덕천종합사회복지관,부산광역시 북구 덕천로 74,051-331-4674,삼동회,사회복지법인
238,부산,동구종합사회복지관,부산광역시 동구 안창로 57,051-633-3367,재단법인 한결재단,재단법인
239,부산,동래종합사회복지관,부산광역시 동래구 시실로107번길 151,051-531-2460,양덕사회문화원,사회복지법인
240,부산,동삼종합사회복지관,부산광역시 영도구 상리로 30,051-405-2133,불국토,사회복지법인
241,부산,동원종합사회복지관,부산광역시 북구 금곡대로 616번길 10-9,051-361-0045,부산와이엠씨에이,재단법인
242,부산,두송종합사회복지관,부산광역시 사하구 다송로59,051-265-9471,늘기쁜마을,사회복지법인
243,부산,만덕종합사회복지관,부산광역시 북구 함박봉로 140번길 102,051-332-8004,로뎀복지재단,사회복지법인
244,부산,모라종합사회복지관,부산광역시 사상구 모라로110번길 129,051-304-9876,청십자사회복지회,사회복지법인
245,부산,몰운대종합사회복지관,부산광역시 사하구 다대낙조2길 17 몰운대종합사회복지관,051-264-9033,내원,사회복지법인
246,부산,반석종합사회복지관,부산광역시 해운대구 신반송로 159,051-542-0196,의안복지재단,사회복지법인
247,부산,반송종합사회복지관,부산광역시 해운대구 아랫반송로1번길15,051-544-8006,부산YMCA,재단법인
248,부산,반여종합사회복지관,부산광역시 해운대구 재반로226번길 13-73,051-784-0554,한결재단,재단법인
249,부산,백양종합사회복지관,부산광역시 사상구 모라로192번길 20-33,051-305-4286,천혜복지재단,사회복지법인
250,부산,부산광역시사직종합사회복지관,부산광역시 동래구 사직북로63번길 20-7,0051-506-5757,박영학원,학교법인
251,부산,부산기독교종합사회복지관,부산광역시 서구 까치고개로 229번길 40,051-257-9404,태화복지재단,사회복지법인(직영)
252,부산,부산종합사회복지관(로사),부산광역시 수영구 금련로 43번길 54,051-755-3367,로사사회봉사회,사회복지법인(직영)
253,부산,부산종합사회복지관(어린이재단),부산광역시 동구 수정공원로 15,051-465-0990,어린이재단,사회복지법인
254,부산,부산진구종합사회복지관,부산광역시 부산진구 복지로 117-12,051-893-0035,부산YWCA,사단법인
255,부산,사상구종합사회복지관,부산광역시 사상구 백양대로 527(주례동),051-314-8948,대한성공회유지재단,재단법인
256,부산,사하구종합사회복지관,부산광역시 사하구 감내2로 21,051-293-2688,로사리오 카리타스,사회복지법인
257,부산,상리종합사회복지관,부산광역시 영도구 상리로63-16(동삼동),051-404-5061,한국재활재단,사회복지법인
258,부산,연제구거제종합사회복지관,부산광역시 연제구 아시아드대로46번길 45,051-507-8171,화신학원,학교법인
259,부산,연제구연산종합사회복지관,부산광역시 연제구 봉수로 17,051-863-8360,혜원,사회복지법인
260,부산,영도구종합사회복지관,부산광역시 영도구 산정길 138,051-413-4661,대한예수교장로회총회고려학원,학교법인
261,부산,영진종합사회복지관,부산광역시 해운대구 반여로 165,051-529-0005,영진복지재단,사회복지법인(직영)
262,부산,와치종합사회복지관,부산광역시 영도구 함지로 79번길 76,051-403-4200,남광사회복지회,사회복지법인
263,부산,용호종합사회복지관,부산광역시 남구 이기대공원로 7(용호동),051-628-6737,문수복지재단,사회복지법인
264,부산,운봉종합사회복지관,부산광역시 해운대구 신반송로 200,051-543-2431,홀트아동복지회,사회복지법인
265,부산,장선종합사회복지관,부산광역시 북구 시랑로 114번길 45(구포동),051-336-7007,장선종합복지공동체,사회복지법인
266,부산,전포종합사회복지관,부산광역시 부산진구 전포대로 190번길 35,051-802-6383,청십자사회복지회,사회복지법인
267,부산,절영종합사회복지관,부산광역시 영도구 함지로 33-10 (동삼동),051-404-5530,남광사회복지회,사회복지법인
268,부산,파랑새종합사회복지관,부산광역시 해운대구 신반송로 21,051-545-0115,성실원,사회복지법인(직영)
269,부산,학장종합사회복지관,부산광역시 사상구 학감댈로49번길 28-70,051-311-4017,부산생명의전화,사회복지법인
270,부산,해운대종합사회복지관,부산광역시 해운대구 재반로 12번길16,051-782-5005,인천(仁泉)사회사업재단,사회복지법인(직영)
271,부산,홀트수영종합사회복지관,부산광역시 수영구 장대골로 20-5,051-760-3600,홀트아동복지회,사회복지법인(직영)
272,부산,화명종합사회복지관,부산광역시 북구 금곡대로 199번길 21,051-338-2233,금정총림 범어,사회복지법인
273,부산,화정종합사회복지관,부산광역시 북구 효열로 76,051-362-0111,인천(仁泉)사회사업재단,사회복지법인
274,서울,(서울)북부종합사회복지관,서울시 노원구 동일로245길56 (상계동),02-934-7711,한국봉사회,사회복지법인(직영)
275,서울,(서울)성산종합사회복지관,서울시 마포구 월드컵로 215,02-374-5889,이화학당,학교법인
276,서울,가락종합사회복지관,서울시 송파구 양재대로 897(가락1동),02-449-2341,사회적협동조합 공감과연대,협동조합
277,서울,가양4종합사회복지관,서울시 강서구 양천로57길 37,02-2668-6689,귀뚜라미복지재단,재단법인
278,서울,가양5종합사회복지관,"서울시 강서구 양천로 57길 36, 가양5종합사회복지관",02-2668-4603,한기장복지재단,사회복지법인
279,서울,가양7종합사회복지관,"서울시 강서구 허준로 209, 가양7종합사회복지관 2층 사무실",02-2668-8600,글로벌비전,사단법인
280,서울,갈월종합사회복지관,서울시 용산구 두텁바위로 25,02-752-7887,한국장로교복지재단,사회복지법인
281,서울,강감찬관악종합사회복지관,"서울시 관악구 양녕로 74, 2층 101호",02-886-9941,함께복지사회적협동조합,협동조합
282,서울,강남종합사회복지관,서울시 강남구 개포로 109길5,02-451-0051,강남학원,학교법인
283,서울,강동종합사회복지관,"서울시 강동구 양재대로1458, 3층(길동 411-4)",02-2041-7800,기아대책,사회복지법인
284,서울,공릉종합사회복지관,서울시 노원구 동일로 1127,02-9480-5820,복지세상사회적협동조합,협동조합
285,서울,광장종합사회복지관,광진구 아차산로 66길8,02-2201-1333,사랑의 집,사회복지법인
286,서울,구로종합사회복지관,서울시 구로구 디지털로31길 93,02-852-0525,티뷰크사회복지재단,사회복지법인
287,서울,구세군강북종합사회복지관,서울시 강북구 인수봉로20가길 24,02-984-5811,재대한구세군유지재단,재단법인(직영)
288,서울,궁동종합사회복지관,서울시 구로구 오리로 22길 5,02-2613-9367,티뷰크사회복지재단,사회복지법인
289,서울,금천누리종합사회복지관,서울시 가산로 129 (3층),02-868-6856,티뷰크사회복지재단,사회복지법인
290,서울,길음종합사회복지관,서울 성북구 삼양로2길 55,02-985-0161,인덕원삼천사복지재단,사회복지법인
291,서울,까리따스방배종합사회복지관,서울시 서초구 남부순환로 2124,02-522-6004,천주교까리따스수녀회유지재단,재단법인(직영)
292,서울,꿈의숲종합사회복지관,"서울시 강북구 오현로 208, 주공아파트 302동 1층 번동3단지종합사회복지",02-984-6777,기독교대한성결교회사회사업유지재단,사회복지법인
293,서울,노원1종합사회복지관,서울시 노원구 월계로 372 사슴아파트1단지내,02-949-0700,청운보은동산,사회복지법인
294,서울,녹번종합사회복지관,서울시 은평구 은평로21길 14-26,02-388-6341,기독교대한감리회 사회복지재단,사회복지법인
295,서울,능인종합사회복지관,서울시 강남구 양재대로 340,02-571-2989,능인선원,사회복지법인(직영)
296,서울,대방종합사회복지관,서울시 동작구 여의대방로44길 47,02-826-2900,기아대책,사회복지법인
297,서울,대청종합사회복지관,"서울시 양재대로 55길, 10",02-459-6332,밀알복지재단,사회복지법인
298,서울,도봉서원종합사회복지관,서울시 도봉구 마들로 668,02-3494-4755,유어프렌즈,사단법인
299,서울,동대문종합사회복지관,서울시 동대문구 약령시로 5길 22,02-920-4500,삼육재단,사회복지법인
300,서울,동작이수사회복지관,서울시 동작구 동작대로35차길 7,02-592-3721,한주재단,사회복지법인
301,서울,동작종합사회복지관,서울시 동작구 등용로 47,02-814-8116,서울가톨릭사회복지회,사회복지법인
302,서울,등촌1종합사회복지관,서울 강서구 강서로 68길 36,02-2658-1010,유린보은동산,사회복지법인
303,서울,등촌4종합사회복지관,"서울시 강서구 공항대로39길 59, 등촌4종합사회복지관",02-2658-8800,유니월드,사회복지법인
304,서울,등촌7종합사회복지관,서울시 강서구 공항대로 43길 104(등촌동),02-2658-6521,서울가톨릭사회복지회,사회복지법인
305,서울,등촌9종합사회복지관,서울시 강서구 화곡로 63가길 92,02-2658-4127,우리모두복지재단,사회복지법인
306,서울,마들종합사회복지관,서울시 노원구 동일로210길 22,02-971-8387,성민,사회복지법인
307,서울,마천종합사회복지관,서울시 송파구 마천로65길 4,02-449-3141,섬김과나눔,사단법인
308,서울,면목종합사회복지관,서울시 중랑구 용마산로 228,02-436-0500,자광재단,사회복지법인
309,서울,목동종합사회복지관,서울시 양천구 목동중앙북로8길 104,02-2651-2332,좋은사람들,사단법인
310,서울,반포종합사회복지관,서울시 서초구 신반포로 33길 22 반포종합사회복지관,02-3477-9811,사랑의복지재단,사회복지법인
311,서울,방아골종합사회복지관,서울시 도봉구 시루봉로17길 42,02-3491-0500,일촌공동체,사단법인
312,서울,방화11종합사회복지관,서울시 강서구 개화동로 21길 4,02-2661-0670,서울YMCA(서울기독교청년유지재단),재단법인
313,서울,방화2종합사회복지관,서울시 강서구 방화대로 48길 40,02-2662-6662,굿네이버스,사회복지법인
314,서울,방화6종합사회복지관,"서울시 강서구 금낭화로 23길 25, 방화6종합사회복지관",02-2666-6181,귀뚜라미복지재단,재단법인
315,서울,번오마을종합사회복지관,서울시 강북구 한천로115길 20,02-981-5077,혜명복지원,사회복지법인
316,서울,북서울종합사회복지관,"서울시 강북구 한천로 105길 24, 202동",02-987-5077,삼동회,사회복지법인
317,서울,사당종합사회복지관,서울시 동작구 사당로14길 20,02-597-3710,한국다문화청소년협회,사단법인
318,서울,사랑의전화마포종합사회복지관,서울시 마포구 만리재로29,02-712-8600,사랑의전화복지재단,사회복지법인(직영)
319,서울,삼전종합사회복지관,서울시 송파구 백제고분로32길 35,02-421-6077,승가원,사회복지법인
320,서울,상계종합사회복지관,서울시 노원구 덕릉로 115나길 25,02-951-9930,서울가톨릭사회복지회,사회복지법인
321,서울,상도종합사회복지관,서울시 동작구 상도로39가길 7(상도1동 456),02-824-6011,기독교대한성결교회사회사업유지재단,사회복지법인(직영)
322,서울,생명의전화종합사회복지관,서울시 성북구 오패산로21,02-916-9193,한국생명의전화,사회복지법인(직영)
323,서울,서대문종합사회복지관,서울시 서대문구 모래내로 177,02-375-5040,동방사회복지회,사회복지법인
324,서울,서울YWCA봉천종합사회복지관,서울시 관악구 관악로 254,02-870-4400,YWCA복지사업단,사회복지법인(직영)
325,서울,서울시립대학교종합사회복지관,서울시 중랑구 신내로 115,02-3421-1988,서울시립대학교,학교법인
326,서울,성내종합사회복지관,서울시 강동구 성안로13길 56,02-478-2555,경복대학교산학협력단,학교법인
327,서울,성동종합사회복지관,서울시 성동구 청계천로 506 성동종합사회복지관 4층 통합사무실,02-2290-3150,성모성심수도회,재단법인
328,서울,성민종합사회복지관,서울시 관악구 호암로 549,02-876-0900,경향복지재단,사회복지법인(직영)
329,서울,성수종합사회복지관,"서울시 성동구 뚝섬로1길 43, 5~6층",02-2204-9900,한양학원,학교법인
330,서울,송파종합사회복지관,서울시 송파구 오금로51길34,02-401-1919,월드비전,사회복지법인(직영)
331,서울,수서명화종합사회복지관,서울시 강남구 광평로 51길 49,02-459-2696,휴먼복지회,사회복지법인
332,서울,수서종합사회복지관,서울시 강남구 광평로56길11,02-459-5504,닮복지재단,사회복지법인
333,서울,신길종합사회복지관,서울시 영등포구 영등포로84길 24-5,02-831-2755,대한불교조계종봉은,사회복지법인
334,서울,신내종합사회복지관,"서울시 중랑구 봉화산로 153, 신내12단지아파트 신내종합사회복지관",02-3421-3400,애원복지재단,사회복지법인
335,서울,신당종합사회복지관,서울시 중구 동호로 11길 22,02-2231-1876,서울가톨릭사회복지회,사회복지법인
336,서울,신림종합사회복지관,서울시 관악구 난곡로 110,02-851-1767,일송학원,학교법인
337,서울,서울시립신목종합사회복지관,서울시 양천구 신목로5,02-2643-7222,복지동행사회적협동조합,협동조합
338,서울,신사종합사회복지관,서울시 은평구 은평로 38,02-376-4141,대한불교조계종사회복지재단,사회복지법인
339,서울,신월종합사회복지관,서울시 양천구 신월로24길 19,02-2605-8728,한주재단,사회복지법인
340,서울,신정종합사회복지관,서울시 양천구 신정중앙로 36,02-2603-1792,기아대책,사회복지법인
341,서울,양재종합사회복지관,서울시 서초구 남부순환로 2610 양재종합사회복지관,02-579-4782,대한불교조계종 봉은,사회복지법인
342,서울,염리종합사회복지관,서울시 마포구 대흥로 24길 50,02-3276-1800,대한사회복지회,사회복지법인
343,서울,영등포종합사회복지관,서울시 영등포구 신길로13길 4,02-845-5331,초록우산어린이재단,사회복지법인
344,서울,옥수종합사회복지관,서울시 성동구 한림말길 16-5,02-2282-1100,대한불교조계종사회복지재단,사회복지법인
345,서울,우면종합사회복지관,서울시 서초구 바우뫼로 7길11 우면종합사회복지,02-577-6321,대한불교천태종복지재단,사회복지법인
346,서울,월계종합사회복지관,서울시 초안산로 1길 51,02-999-4211,한국복음주의학원,학교법인
347,서울,월곡종합사회복지관,서울시 성북구 오패산로16길 23,02-911-5511,혜명복지원,사회복지법인
348,서울,유락종합사회복지관,서울시 중구 퇴계로 460,02-2235-4000,서울가톨릭사회복지회,사회복지법인
349,서울,유린원광종합사회복지관,서울시 중랑구 신내로 56,02-438-4011,유린보은동산,사회복지법인(직영)
350,서울,은평종합사회복지관,서울시 은평구 은평터널로48,02-307-1181,감리회태화복지재단,사회복지법인
351,서울,이화여자대학교종합사회복지관,서울시 서대문구 이화여대길 52,02-3277-3190,이화학당,학교법인
352,서울,자양종합사회복지관,서울시 광진구 자양번영로 35,02-458-1664,대한불교조계종사회복지재단,사회복지법인(직영)
353,서울,잠실종합사회복지관,서울시 올림픽로12길 12,02-423-7806,천주교까리따스수녀회유지재,재단법인
354,서울,장안종합사회복지관,서울시 동대문구 한천로 18길 48,02-2242-7564,닮복지재단,사회복지법인
355,서울,장위종합사회복지관,"본관: 서울시 성북구 화랑로237, 2층",02-918-3073,일촌공동체,사단법인
356,서울,정릉종합사회복지관,서울시 성북구 솔샘로5길 92,02-909-0434,SW복지재단,사회복지법인
357,서울,종로종합사회복지관,서울 종로구 지봉로13길 82,02-766-8282,새문안교회사회복지재단,사회복지법인
358,서울,중계종합사회복지관,서울시 노원구 덕릉로 662,02-952-0333,한국봉사회,사회복지법인
359,서울,중곡종합사회복지관,서울시 광진구 용마산로3길 62,02-3436-4316,서울가톨릭사회복지회,사회복지법인
360,서울,중림종합사회복지관,서울시 서소문로6길 16,02-362-3348,대한불교조계종사회복지재단,사회복지법인
361,서울,중앙사회복지관,서울시 관악구 봉천로 41길 33,02-872-5802,복지동행사회적협동조,협동조합
362,서울,창동종합사회복지관,서울시 도봉구 덕릉로329,02-993-3222,여의도순복음,재단법인
363,서울,청담종합사회복지관,서울시 금천구 금하로29길 36,02-806-1377,혜명,사회복지법인
364,서울,태화기독교사회복지관,서울시 강남구 광평로185,02-2040-1600,태화복지재단,사회복지법인(직영)
365,서울,평화종합사회복지관,서울시 노원구 노원로 331,02-949-0123,함께하는복지,사단법인
366,서울,풍납종합사회복지관,서울시 송파구 강동대로3길 5,02-474-1201,복지동행사회적협동조합,협동조합
367,서울,하계종합사회복지관,서울시 노원구 노원로16길15,02-6928-0108,대한불교조계종사회복지재단,사회복지법인
368,서울,한빛종합사회복지관,서울시 양천구 신월로11길 16,02-2690-8762,서울가톨릭사회복지회,사회복지법인
369,서울,홍은종합사회복지관,서울시 서대문구 세검정로1길 116,02-395-3959,대한예수교장로회총회(합동측)복지재단,사회복지법인
370,서울,화원종합사회복지관,서울시 구로구 벚꽃로484,02-837-0761,한국장로교복지재단,사회복지법인
371,서울,효창종합사회복지관,서울시 용산구 효창원로 146-12(효창동),02-716-0600,기독교한국침례회유지재단,재단법인
372,서울,흑석종합사회복지관,서울시 동작구 흑석로13길 21,02-817-8052,대한불교조계종사회복지재단,사회복지법인
373,울산,(울산)중구종합사회복지관,울산광역시 중구 종가 3길 15,052-296-3161,물푸레복지재단,사회복지법인
374,울산,북구종합사회복지관,울산광역시 북구 동대8길 40,052-296-3900,어울림복지재단,사회복지법인
375,울산,울산남구종합사회복지관,울산광역시 남구 번영로 107번길 13(달동),052-260-2981,통도사자비원,사회복지법인
376,울산,울산동구종합사회복지관,울산광역시 동구 봉수로 155,052-236-1465,친한친구들,사단법인
377,울산,울산화정종합사회복지관,울산광역시 동구 월봉10길 14,052-236-3139,진각복지재단,사회복지법인
378,울산,울주군남부종합사회복지관,"울산광역시 울주군 온산읍 덕신1길 4, 2층~4층",052-229-9300,울주군시설관리공단,지자체(직영)
379,울산,울주군서부종합사회복지관,울산광역시 울주군 언양읍 읍성로169,052-229-9160,울주군시설관리공단,지자체(직영)
380,울산,울주군중부종합사회복지관,울산광역시 울주군 범서읍 천상4길 28-14,052-229-9350,울주군시설관리공단,지자체(직영)
381,인천,(인천)성산종합사회복지관,인천광역시 남동구 석정로552,032-437-2500,성산하모니복지재단,사회복지법인(직영)
382,인천,갈산종합사회복지관,인천광역시 부평구 주부토로 206,032-515-8187,인천가톨릭사회복지회,사회복지법인
383,인천,계양종합사회복지관,인천광역시 계양구 아나지로 517,032-552-9090,명성복지회,사회복지법인
384,인천,구월종합사회복지관,인천광역시 남동구 선수촌로7 702동 1층,032-463-9900,남동구청,지자체(직영)
385,인천,논현종합사회복지관,인천광역시 남동구 호구포로 292,032-446-9339,남동구청,지자체(직영)
386,인천,만수종합사회복지관,인천광역시 남동구 담방로105,032-463-8161,남동구청,지자체(직영)
387,인천,만월종합사회복지관,인천광역시 남동구 서판로 54번길 12,032-471-9070,남동구청,지자체(직영)
388,인천,미추홀종합사회복지관,인천광역시 미추홀구 염창로 97,032-876-8181,온세상나눔재단,사단법인
389,인천,백령종합사회복지관,인천광역시 옹진군 백령면 백령로 271번길 20,032-836-6001,웅진복지재단,재단법인(직영)
390,인천,부평중부종합사회복지관,인천광역시 부평구 경원대로 1418번길13,032-528-4020,기독교대한감리회 사회복지재단,사회복지법인(직영)
391,인천,삼산종합사회복지관,"인천광역시 부평구 평천로447, 107동 1,2층 삼산복지관",032-529-8607,인천YWCA,사단법인
392,인천,선학종합사회복지관,인천광역시 연수구 선학로 14,032-813-6453,대한예수교장로회총회(복지재단),사회복지법인
393,인천,성미가엘종합사회복지관,인천광역시 중구 송학로 40,032-766-0981,대한성공회유지재단,재단법인(직영)
394,인천,세화종합사회복지관,인천광역시 연수구 원인재로 315,032-813-2790,기독교대한감리회사회복지재단,사회복지법인
395,인천,송림종합사회복지관,인천광역시 동구 송림로 43번길 35,032-764-1185,사랑의샘,사회복지법인(직영)
396,인천,숭의종합사회복지관,인천광역시 미추홀구 독배로 485,032-888-6222,기독교대한감리회 사회복지재단,사회복지법인(직영)
397,인천,연수종합사회복지관,인천광역시 연수구 원인재로 212,032-811-8012,온세상나눔재단,사단법인
398,인천,인천기독교종합사회복지관,인천광역시 서구 심곡로 124번길 10,032-568-3270,감리회 태화복지재단,사회복지법인(직영)
399,인천,인천종합사회복지관,인천광역시 미추홀구 매소홀로 418번길 14-57,032-873-0541,백암재단,사회복지법인(직영)
400,인천,창영종합사회복지관,인천광역시 동구 우각로57,032-773-1733,기독교대한감리회유지재단,재단법인(직영)
401,인천,함박종합사회복지관,인천광역시 연수구 함박안로217,032-724-9965,대한불교조계종사회복지재단,사회복지법인
402,전남,(전남)상동종합사회복지관,"(본관) 전남 목포시 상동로 63, (분관) 전남 목포시 상동로 68 *구 상리사회복지관",061-273-1142,광주구천주교회유지재단,재단법인
403,전남,구례군종합사회복지관,전남 구례군 구례읍 구례로 508,061-780-2186,구례군,지자체(직영)
404,전남,목포시종합사회복지관,전남 목포시 고하대로 712,061-272-2395,가톨릭광주사회복지회,사회복지법인
405,전남,무안군종합사회복지관,전남 무안군 일로읍 삼일로 493,061-283-1888,초당대학교 산학협력단,학교법인
406,전남,문수종합사회복지관,전남 여수시 여문2로 11-10,061-652-4242,대한불교조계종사회복지재단,사회복지법인
407,전남,미평종합사회복지관,전남 여수시 미평로 77-1,061-652-3457,보듬의료재단,의료법인
408,전남,보성종합사회복지관,전남 보성군 보성읍 동인길 18-6,061-852-9845,대한예수교장로회 순천노회유지재단,재단법인
409,전남,소라종합사회복지관,전남 여수시 소라면 덕양로 414,061-685-9775,대한예수교장로회순천노회유지재단,재단법인
410,전남,순천조례종합사회복지관,"전남 순천시 신월큰길54, 단지 내",061-722-2304,소비자교육중앙회,사단법인
411,전남,순천종합사회복지관,전남 순천시 저전길 84,061-741-3062,성신원,사회복지법인
412,전남,쌍봉종합사회복지관,전남 여수시 학동서4길 58-20,061-681-7179,밀알복지재단,사회복지법인
413,전남,장흥종합사회복지관,전남 장흥군 장흥읍 흥성로 37-24,061-864-4804,대한예수교장로회총회(합동측)복지재단,사회복지법인
414,전남,해남종합사회복지관,전남 해남군 해남읍 중앙1로 14-14,061-534-6778,두성재단,사회복지법인(직영)
415,전북,(전북)학산종합사회복지관,전북 전주시 완산구 모악로 4726,063-223-9999,우리모두사회적협동조합,협동조합
416,전북,고창군종합사회복지관,전북 고창군 고창읍 전봉준로 88-15,063-560-2100,대한불교조계종선운사복지재단,사회복지법인
417,전북,군산나운종합사회복지관,전북 군산시 문화로36,063-462-7260,한기장복지재단,사회복지법인
418,전북,군산종합사회복지관,전북 군산시 칠성로 59,063-461-6555,기독교대한성결교회사회사업유지재단,사회복지법인(직영)
419,전북,길보른종합사회복지관,전북 김제시 금성로 93(신풍동),063-545-1923,길보른재단,사회복지법인(직영)
420,전북,김제사회복지관,전북 김제시 요촌북로 110(검산주공1차@ 단지 내 관리사무소 2층),063-543-5007,대한예수교장로회총회(합동측)유지재단,재단법인
421,전북,김제제일사회복지관,전북 김제시 동서 1길 9-24,063-547-0431,김제제일복지재단,사회복지법인(직영)
422,전북,남원사회복지관,전북 남원시 노송로1255-9,063-632-5252,한기장복지재단,사회복지법인
423,전북,동산사회복지관,전북 익산시 동천로 7길 26-1,063-842-2253,삼동회,사회복지법인
424,전북,부송종합사회복지관,전북 익산시 무왕로 22길 12,063-831-0250,삼동회,사회복지법인
425,전북,부안종합사회복지관,전북 부안군 부안읍 용암로 134,063-580-7600,한기장복지재단,사회복지법인
426,전북,선너머종합사회복지관,전북 전주시 완산구 선너머로 54,063-232-0334,전주가톨릭사회복지회,사회복지법인
427,전북,원광종합사회복지관,전북 익산시 익산대로 415-7,063-856-2385,삼동회,사회복지법인(직영)
428,전북,전북종합사회복지관,전북 전주시 완산구 흑석로70,063-282-7230,초록우산어린이재단,사회복지법인
429,전북,전주종합사회복지관,전북 전주시 완산구 덕적골2길 10,063-284-2733,삼동회,사회복지법인
430,전북,정읍사회복지관,전북 정읍시 수성2로 13-18,063-533-1916,전주가톨릭사회복지회,사회복지법인
431,전북,큰나루종합사회복지관,전북 전주시 덕진구 쪽구름2길 25,063-211-4408,삼동회,사회복지법인
432,전북,평화사회복지관,전북 전주시 완산구 덕적골2길 25,063-285-4408,삼동회,사회복지법인
433,제주,(제주)서부종합사회복지관,제주특별자치도 제주시 한림읍 한림상로 207-9,064-796-9091,한림소망의집,사회복지법인
434,제주,동부종합사회복지관,제주특별자치도 서귀포시 성산읍 일출로 14-11,064-783-0364,제주가톨릭사회복지회,사회복지법인
435,제주,동제주종합사회복지관,제주특별자치도 제주시 구좌읍 평대12길 15,064-784-8281,자현,사회복지법인
436,제주,서귀포시서부종합사회복지관,제주특별자치도 서귀포시 대정읍 신영로 23,064-792-0164,한기장복지재단,사회복지법인
437,제주,서귀포종합사회복지관,제주특별자치도 서귀포시 태평로 512번길 9,064-762-0211,예담,사회복지법인
438,제주,서귀포삼다종합사회복지관,제주특별자치도 서귀포시 중동로 69-9,064-733-3549,제주특별자치도사회서비스원,재단법인
439,제주,아라종합사회복지관,제주특별자치도 제주시 인다12길 1 아라LH아파트 단지내,064-702-4605,제주특별자치도사회복지협의회,사회복지법인
440,제주,은성종합사회복지관,제주특별자치도 제주시 월두2길 63-1(아라이동),064-726-8388,제주은성의집,사회복지법인
441,제주,제주순복음종합사회복지관,제주특별자치도 제주시 천수동로 25,064-757-9119,섬김의 집,사회복지법인(직영)
442,제주,제주영락종합사회복지관,제주특별자치도 제주시 고마로9길 32,064-759-4071,대한예수장로회제주노회유지재단,재단법인
443,제주,제주종합사회복지관,"제주특별자치도 제주시 도남로121, 2층",064-753-2740,어린이재단,사회복지법인
444,충남세종,계룡시종합사회복지관,충남 계룡시 엄사면 문화1로 7,042-840-8950,수덕,사회복지법인
445,충남세종,공주기독교종합사회복지관,충남 공주시 영명학당 1길 13,041-856-0881,감리회태화복지재단,사회복지법인(직영)
446,충남세종,공주시종합사회복지관,충남 공주시 의당면 의당로 257,041-840-2215,공주시청,지자체직영
447,충남세종,금강종합사회복지관,충남 공주시 우금티로 709-14,041-856-6110,자비복지원,사회복지법인
448,충남세종,논산종합사회복지관,충남 논산시 논산대로 424,041-746-8421,논산시,지자체직영
449,충남세종,당진남부사회복지관,충남 당진시 우강면 우강창말길 24,041-362-9625,삼육재단,사회복지법인
450,충남세종,당진북부사회복지관,충남 당진시 정미면 정미로 727-36,041-354-4401,고앤두,사회복지법인
451,충남세종,명천종합사회복지관,충남 보령시 주공로 50(명천동),041-936-8501,제대한구세군유지재단법인,재단법인
452,충남세종,보령시종합사회복지관,충남 보령시 천변남길 124,041-930-3392,보령시,지자체직영
453,충남세종,서산석림사회복지관,충남 서산시 서해로 3456,041-667-2303,구세군,재단법인
454,충남세종,서산시종합사회복지관,충남 서산시 호수공원14로 6,041-660-3744,서산시,지자체직영
455,충남세종,세종종합사회복지관,세종특별자치시 조치원읍 산책1길 65,044-868-2004,세종중앙,사회복지법인(직영)
456,충남세종,송산사회복지관,충남 당진시 송산면 장갈길 15,041-353-7300,희망송산,사회복지법인
457,충남세종,송악사회복지관,충남 당진시 송악읍 송악로 656,041-353-5077,대한불교조계종사회복지재단,사회복지법인
458,충남세종,쌍용종합사회복지관,충남 천안시 서북구 쌍용11길 57 2층 쌍용종합사회복지관,041-571-4064,대한성공회유지재단,재단법인
459,충남세종,아산서부종합사회복지관,충남 아산시 도고면 도고면로 110번길 16,041-541-2020,희망나눔재단,사회복지법인(직영)
460,충남세종,아산종합사회복지관,충남 아산시 영인면 아산온천로3번길8,041-542-2308,기독교이선사회복지재단,사회복지법인(직영)
461,충남세종,온주종합사회복지관,충남 아산시 외암로 1420,041-544-7411,굿네이버스,사회복지법인
462,충남세종,음봉산동종합사회복지관,충남 아산시 음봉면 산동안길 16,041-534-7951,백석대학교산학협력단,학교법인
463,충남세종,종촌종합복지센터종합사회복지관,세종특별자치시 도움 1로 116,044-850-3000,천성,사회복지법인
464,충남세종,천안시성정종합사회복지관,충남 천안시 서북구 쌍용대로 289-25(성정동),041-578-5172,나눔운동본부,사단법인
465,충남세종,천안시종합사회복지관,충남 천안시 동남구 천안대로 361,041-903-3610,기독교대한감리회사회복지재단,사회복지법인
466,충남세종,청양군사회복지관,충남 청양군 청양읍 칠갑산로 316,041-942-0788,청양군사회복지협의회,사회복지법인
467,충남세종,탕정한마음종합사회복지관,충남 아산시 탕정면 탕정면로 40번길 12,041-543-7400,한국지역사회복리회,사회복지법인
468,충남세종,홍성사회복지관,충남 홍성군 홍성읍 조양로75번길 17,041-632-2008,충남기독교사회봉사회,사회복지법인(직영)
469,충북,(충북)북부종합사회복지관,충북 청주시 청원구 충청대로 107번길 16-1,043-216-4004,아름다운세상,사회복지법인
470,충북,(충북)서부종합사회복지관,충북 청주시 흥덕구 가로수로 1370번길 16,043-236-3600,한국YWCA연합회후원회,사단법인
471,충북,목령종합사회복지관,충북 청주시 청원구 오창읍 중심상업 2로32,043-216-3060,연꽃마을,사회복지법인
472,충북,산남종합사회복지관,충북 청주시 서원구 구룡산로 290,043-288-1428,청주교구천주교회유지재단,재단법인
473,충북,삼보사회복지관,충북 증평군 증평읍 창신로 85,043-836-6040,열림재단,사회복지법인
474,충북,생거진천종합사회복지관,충북 진천군 진천읍 중앙북1길 11-10,043-539-3238,진천군,지자체(직영)
475,충북,오송종합사회복지관,충북 청주시 흥덕구 오송읍 오송생명1로 180,043-234-5479,대우재단,재단법인
476,충북,용암종합사회복지관,충북 청주시 상당구 원봉로 52-1,043-293-9191,월드비전,사회복지법인
477,충북,제천종합사회복지관,충북 제천시 용두대로23길 14,043-644-2983,원주가톨릭사회복지회,사회복지법인
478,충북,증평종합사회복지관,충북 증평군 증평읍 송티로76-23,043-838-1906,열림재단,사회복지법인
479,충북,청주사회복지관,충북 청주시 상당구 영운천로 13-1(청주사회복지관 1층),043-253-4493,어린이재단,사회복지법인
480,충북,청주종합사회복지관,충북 청주시 흥덕구 1순환로 392 (신봉동),043-266-4761,충북현양복지재단,사회복지법인
481,충북,충주종합사회복지관,충북 충주시 주공길 7,043-855-3000,열림재단,사회복지법인