id,text,difficulty,type
1,좋아하는 음악 듣기,쉬움,효과지향 자기주도형
2,간단한 스트레칭,쉬움,효과지향 자기주도형
3,사진 앨범 정리하기,쉬움,효과지향 자기주도형
4,손편지 쓰기,쉬움,효과지향 자기주도형
5,차 마시기,쉬움,효과지향 자기주도형
6,꽃 관찰하기,쉬움,효과지향 자기주도형
7,실내 식물 돌보기,쉬움,효과지향 자기주도형
8,책 읽기,쉬움,효과지향 자기주도형
9,일기 쓰기,쉬움,효과지향 자기주도형
10,편안한 목욕하기,쉬움,효과지향 자기주도형
11,간단한 퍼즐 맞추기,쉬움,효과지향 자기주도형
12,감상적인 시 읽기,쉬움,효과지향 자기주도형
13,좋아하는 영화 보기,쉬움,효과지향 자기주도형
14,창작 글쓰기,쉬움,효과지향 자기주도형
15,감정 일기 쓰기,쉬움,효과지향 자기주도형
16,방 청소하기,쉬움,효과지향 자기주도형
17,가벼운 체조하기,쉬움,효과지향 자기주도형
18,좋아하는 향초 켜기,쉬움,효과지향 자기주도형
19,손 마사지하기,쉬움,효과지향 자기주도형
20,차 마시며 창밖 보기,쉬움,효과지향 자기주도형
21,가벼운 다리 스트레칭 하기,쉬움,효과지향 자기주도형
22,실내에서 간단히 춤추기,쉬움,효과지향 자기주도형
23,감상적인 영화 OST 듣기,쉬움,효과지향 자기주도형
24,가족 사진 정리하기,쉬움,효과지향 자기주도형
25,좋아하는 책의 일부분 다시 읽기,쉬움,효과지향 자기주도형
26,차 마시며 책 읽기,쉬움,효과지향 자기주도형
27,좋아하는 그림 감상하기,쉬움,효과지향 자기주도형
28,간단한 요리 도와주기,쉬움,효과지향 자기주도형
29,친구와 커피 약속하기,쉬움,효과지향 자기주도형
30,실내 식물 돌보기,쉬움,효과지향 자기주도형
31,좋아하는 음식 먹기,쉬움,효과지향 자기주도형
32,간단한 바느질 하기,쉬움,효과지향 자기주도형
33,좋아하는 향기 맡기,쉬움,효과지향 자기주도형
34,차 마시며 음악 감상하기,쉬움,효과지향 자기주도형
35,간단한 색칠 공부 하기,쉬움,효과지향 자기주도형
36,좋아하는 노래 따라 부르기,쉬움,효과지향 자기주도형
37,차와 함께 편안한 시간 보내기,쉬움,효과지향 자기주도형
38,가벼운 아침 체조 하기,쉬움,효과지향 자기주도형
39,간단한 손쉽게 할 수 있는 공예,쉬움,효과지향 자기주도형
40,좋아하는 프로그램 다시 보기,쉬움,효과지향 자기주도형
41,집안 정리정돈하기,쉬움,효과지향 자기주도형
42,편안한 음악 연주하기,쉬움,효과지향 자기주도형
43,간단한 종이접기 하기,쉬움,효과지향 자기주도형
44,좋아하는 시 낭독하기,쉬움,효과지향 자기주도형
45,가족과 추억 이야기 나누기,쉬움,효과지향 자기주도형
46,좋아하는 향초 켜기,쉬움,효과지향 자기주도형
47,간단한 그림 그리기 도구 사용하기,쉬움,효과지향 자기주도형
48,차 마시며 감상하기,쉬움,효과지향 자기주도형
49,실내 자전거 타기,쉬움,효과지향 자기주도형
50,간단한 손놀림 게임하기,쉬움,효과지향 자기주도형
51,좋아하는 음식 주문하기,쉬움,효과지향 자기주도형
52,차분한 색의 방 꾸미기,쉬움,효과지향 자기주도형
53,간단한 마사지 받기,쉬움,효과지향 자기주도형
54,좋아하는 꽃 꽂기,쉬움,효과지향 자기주도형
55,손 마사지하기,쉬움,효과지향 자기주도형
56,간단한 종이 공예 하기,쉬움,효과지향 자기주도형
57,차 마시며 명상하기,쉬움,효과지향 자기주도형
58,좋아하는 영화 OST 듣기,쉬움,효과지향 자기주도형
59,좋아하는 그림 감상하기,쉬움,효과지향 자기주도형
60,간단한 요리 재료 준비하기,쉬움,효과지향 자기주도형
61,차와 함께 창밖 산책하기,쉬움,효과지향 자기주도형
62,간단한 옷 정리하기,쉬움,효과지향 자기주도형
63,가벼운 다리 운동하기,쉬움,효과지향 자기주도형
64,좋아하는 책 표지 다시 보기,쉬움,효과지향 자기주도형
65,감상적인 시 읽기,쉬움,효과지향 자기주도형
66,가족 사진 정리하기,쉬움,효과지향 자기주도형
67,실내 식물 돌보기,쉬움,효과지향 자기주도형
68,좋아하는 TV 드라마 다시 보기,쉬움,효과지향 자기주도형
69,차 마시며 가벼운 독서하기,쉬움,효과지향 자기주도형
70,간단한 숫자 게임하기,쉬움,효과지향 자기주도형
71,차와 함께 쉬는 시간 가지기,쉬움,효과지향 자기주도형
72,간단한 바느질 하기,쉬움,효과지향 자기주도형
73,차 한잔과 함께 쉬기,쉬움,효과지향 자기주도형
74,좋아하는 향수 사용하기,쉬움,효과지향 자기주도형
75,간단한 재봉 활동하기,쉬움,효과지향 자기주도형
76,좋아하는 향기 맡기,쉬움,효과지향 자기주도형
77,차 마시며 음악 감상하기,쉬움,효과지향 자기주도형
78,간단한 손쉽게 할 수 있는 공예,쉬움,효과지향 자기주도형
79,좋아하는 책의 일부분 다시 읽기,쉬움,효과지향 자기주도형
80,차 마시며 감상하기,쉬움,효과지향 자기주도형
81,간단한 그림 그리기,쉬움,효과지향 자기주도형
82,친구와 커피 약속하기,쉬움,효과지향 자기주도형
83,감정 일기 쓰기,쉬움,효과지향 자기주도형
84,집안 정리정돈하기,쉬움,효과지향 자기주도형
85,좋아하는 프로그램 다시 보기,쉬움,효과지향 자기주도형
86,편안한 음악 연주하기,쉬움,효과지향 자기주도형
87,간단한 종이접기 배우기,쉬움,효과지향 자기주도형
88,좋아하는 시 낭독하기,쉬움,효과지향 자기주도형
89,가족과 추억 이야기 나누기,쉬움,효과지향 자기주도형
90,차 한잔과 함께 창밖 보기,쉬움,효과지향 자기주도형
91,간단한 요리 도와주기,쉬움,효과지향 자기주도형
92,좋아하는 음식 주문하기,쉬움,효과지향 자기주도형
93,차분한 색의 방 꾸미기,쉬움,효과지향 자기주도형
94,간단한 마사지 받기,쉬움,효과지향 자기주도형
95,좋아하는 꽃 꽂기,쉬움,효과지향 자기주도형
96,손 마사지하기,쉬움,효과지향 자기주도형
97,차 마시며 명상하기,쉬움,효과지향 자기주도형
98,좋아하는 영화 OST 듣기,쉬움,효과지향 자기주도형
99,차 마시며 책 읽기,쉬움,효과지향 자기주도형
100,좋아하는 책의 일부분 다시 읽기,쉬움,효과지향 자기주도형
101,요가 클래스 참여하기,보통,효과지향 자기주도형
102,미술 수업 듣기,보통,효과지향 자기주도형
103,정기적인 운동 루틴 만들기,보통,효과지향 자기주도형
104,가족 모임 주최하기,보통,효과지향 자기주도형
105,자원봉사 활동 참여하기,보통,효과지향 자기주도형
106,새로운 취미 배우기 (예: 악기 연주),보통,효과지향 자기주도형
107,정원 가꾸기 프로젝트 시작하기,보통,효과지향 자기주도형
108,온라인 강좌 수강하기,보통,효과지향 자기주도형
109,요리 교실 참여하기,보통,효과지향 자기주도형
110,책 동호회 가입하기,보통,효과지향 자기주도형
111,사진 찍기 취미 시작하기,보통,효과지향 자기주도형
112,새로운 언어 공부하기,보통,효과지향 자기주도형
113,문화 공연 관람하기,보통,효과지향 자기주도형
114,DIY 공예 프로젝트 하기,보통,효과지향 자기주도형
115,블로그나 SNS 운영하기,보통,효과지향 자기주도형
116,여행 계획 세우기,보통,효과지향 자기주도형
117,정기적인 독서 시간 가지기,보통,효과지향 자기주도형
118,명상 그룹 가입하기,보통,효과지향 자기주도형
119,음악 앨범 만들기,보통,효과지향 자기주도형
120,자서전 쓰기 시작하기,보통,효과지향 자기주도형
121,지역 봉사 활동 조직하기,보통,효과지향 자기주도형
122,지역 박물관 방문하기,보통,효과지향 자기주도형
123,정기적인 산책 모임 참여하기,보통,효과지향 자기주도형
124,아트 갤러리 방문하기,보통,효과지향 자기주도형
125,손뜨개 모임 참여하기,보통,효과지향 자기주도형
126,새로운 요리법 배우기,보통,효과지향 자기주도형
127,건강한 식단 계획하기,보통,효과지향 자기주도형
128,공예 시장 방문하기,보통,효과지향 자기주도형
129,사진 전시회 참여하기,보통,효과지향 자기주도형
130,문화 교류 행사 참여하기,보통,효과지향 자기주도형
131,지역 신문 기고하기,보통,효과지향 자기주도형
132,집 꾸미기 프로젝트 시작하기,보통,효과지향 자기주도형
133,새로운 친구 사귀기,보통,효과지향 자기주도형
134,역사 탐방하기,보통,효과지향 자기주도형
135,새로운 기술 기기 사용해보기,보통,효과지향 자기주도형
136,스마트폰 사용법 배우기,보통,효과지향 자기주도형
137,건강한 식사 준비하기,보통,효과지향 자기주도형
138,기초 공예 배우기,보통,효과지향 자기주도형
139,지역 축제 참여하기,보통,효과지향 자기주도형
140,책 읽고 토론하기,보통,효과지향 자기주도형
141,가족 역사 기록하기,보통,효과지향 자기주도형
142,지역 자연 보호 활동 참여하기,보통,효과지향 자기주도형
143,전통 음식 만들기,보통,효과지향 자기주도형
144,지역 공원 청소하기,보통,효과지향 자기주도형
145,지역 어린이 교육 지원하기,보통,효과지향 자기주도형
146,지역 동물 보호 활동 참여하기,보통,효과지향 자기주도형
147,지역 예술 전시회 준비하기,보통,효과지향 자기주도형
148,지역 음악회 준비하기,보통,효과지향 자기주도형
149,지역 박람회 참여하기,보통,효과지향 자기주도형
150,전통 공예 배우기,보통,효과지향 자기주도형
151,지역 축제 준비 봉사하기,어려움,효과지향 자기주도형
152,지역 전통 축제 참여하기,어려움,효과지향 자기주도형
153,지역 예술 작품 제작하기,어려움,효과지향 자기주도형
154,지역 음악 밴드 참여하기,어려움,효과지향 자기주도형
155,지역 청소년 활동 지원하기,어려움,효과지향 자기주도형
156,지역 축제 홍보 활동 참여하기,어려움,효과지향 자기주도형
157,지역 주민 대상 워크숍 개최하기,어려움,효과지향 자기주도형
158,역사 연구 그룹 참여하기,어려움,효과지향 자기주도형
159,지역 농산물 직거래 참여하기,어려움,효과지향 자기주도형
160,지역 음식 축제 참여하기,어려움,효과지향 자기주도형
161,걷기 대회 참가하기,어려움,효과지향 자기주도형
162,등산하기,어려움,효과지향 자기주도형
163,자전거 타기,어려움,효과지향 자기주도형
164,수영하기,어려움,효과지향 자기주도형
165,테니스 치기,어려움,효과지향 자기주도형
166,댄스 클래스 참여하기,어려움,효과지향 자기주도형
167,골프 치기,어려움,효과지향 자기주도형
168,조깅하기,어려움,효과지향 자기주도형
169,킥복싱 클래스 참여하기,어려움,효과지향 자기주도형
170,요가 매트에서의 동적 요가 하기,어려움,효과지향 자기주도형
171,실내 암벽 등반하기,어려움,효과지향 자기주도형
172,팀 스포츠 참여하기 (예: 배드민턴),어려움,효과지향 자기주도형
173,에어로빅 클래스 참여하기,어려움,효과지향 자기주도형
174,트램폴린 운동하기,어려움,효과지향 자기주도형
175,스케이트 타기,어려움,효과지향 자기주도형
176,하이킹 참여하기,어려움,효과지향 자기주도형
177,태권도 클래스 참여하기,어려움,효과지향 자기주도형
178,줄넘기 하기,어려움,효과지향 자기주도형
179,페인트볼 게임 참여하기,어려움,효과지향 자기주도형
180,프리스비 던지기,어려움,효과지향 자기주도형
181,카약 타기,어려움,효과지향 자기주도형
182,줄다리기 참여하기,어려움,효과지향 자기주도형
183,킥보드 타기,어려움,효과지향 자기주도형
184,댄스 파티 참석하기,어려움,효과지향 자기주도형
185,실내 자전거 타기,어려움,효과지향 자기주도형
186,줄넘기 클래스 참여하기,어려움,효과지향 자기주도형
187,보트 타기,어려움,효과지향 자기주도형
188,배드민턴 경기하기,어려움,효과지향 자기주도형
189,트레킹 참여하기,어려움,효과지향 자기주도형
190,스포츠 클라이밍 하기,어려움,효과지향 자기주도형
191,줄넘기 운동하기,어려움,효과지향 자기주도형
192,퍼포먼스 댄스 참여하기,어려움,효과지향 자기주도형
193,스포츠 댄스 배우기,어려움,효과지향 자기주도형
194,하이브리드 피트니스 클래스 참여하기,어려움,효과지향 자기주도형
195,스피닝 클래스 참여하기,어려움,효과지향 자기주도형
196,스포츠 체조 배우기,어려움,효과지향 자기주도형
197,퍼레이드 참여하기,어려움,효과지향 자기주도형
198,스포츠 게임 참여하기,어려움,효과지향 자기주도형
199,런닝 클럽 가입하기,어려움,효과지향 자기주도형
200,실내 스크린 골프 하기,어려움,효과지향 자기주도형
201,아침 요가 스트레칭,쉬움,동기중심 준비형
202,취미 사진 촬영,쉬움,동기중심 준비형
203,가벼운 정원 가꾸기,쉬움,동기중심 준비형
204,친구와 전화 통화하기,쉬움,동기중심 준비형
205,간단한 그림 그리기,쉬움,동기중심 준비형
206,차 한잔하며 대화 나누기,쉬움,동기중심 준비형
207,실내 퍼즐 맞추기,쉬움,동기중심 준비형
208,좋아하는 음악 감상하기,쉬움,동기중심 준비형
209,간단한 요리하기,쉬움,동기중심 준비형
210,독서 클럽 참여하기,쉬움,동기중심 준비형
211,손뜨개 배우기,쉬움,동기중심 준비형
212,애완동물 돌보기,쉬움,동기중심 준비형
213,간단한 종이접기,쉬움,동기중심 준비형
214,일기 쓰기,쉬움,동기중심 준비형
215,가족과 추억 이야기하기,쉬움,동기중심 준비형
216,편안한 산책하기,쉬움,동기중심 준비형
217,차 마시며 명상하기,쉬움,동기중심 준비형
218,실내 식물 관리하기,쉬움,동기중심 준비형
219,좋아하는 영화 보기,쉬움,동기중심 준비형
220,가벼운 스트레칭,쉬움,동기중심 준비형
221,지역 도서관 방문하기,쉬움,동기중심 준비형
222,사진 앨범 정리하기,쉬움,동기중심 준비형
223,간단한 바느질 하기,쉬움,동기중심 준비형
224,친구와 함께 게임하기,쉬움,동기중심 준비형
225,편안한 음악 연주하기,쉬움,동기중심 준비형
226,가벼운 체조하기,쉬움,동기중심 준비형
227,가족 사진 정리하기,쉬움,동기중심 준비형
228,취미 공예 활동하기,쉬움,동기중심 준비형
229,차 마시며 창밖 보기,쉬움,동기중심 준비형
230,간단한 색칠 공부 하기,쉬움,동기중심 준비형
231,좋아하는 노래 따라 부르기,쉬움,동기중심 준비형
232,손 마사지하기,쉬움,동기중심 준비형
233,편안한 목욕하기,쉬움,동기중심 준비형
234,가벼운 다리 운동하기,쉬움,동기중심 준비형
235,좋아하는 향초 켜기,쉬움,동기중심 준비형
236,친구와 커피 약속하기,쉬움,동기중심 준비형
237,차 마시며 책 읽기,쉬움,동기중심 준비형
238,간단한 퍼즐 맞추기,쉬움,동기중심 준비형
239,감정 일기 쓰기,쉬움,동기중심 준비형
240,집안 정리정돈하기,쉬움,동기중심 준비형
241,손쉽게 할 수 있는 공예,쉬움,동기중심 준비형
242,좋아하는 향기 맡기,쉬움,동기중심 준비형
243,실내 자전거 타기,쉬움,동기중심 준비형
244,간단한 손놀림 게임하기,쉬움,동기중심 준비형
245,좋아하는 음식 먹기,쉬움,동기중심 준비형
246,간단한 재봉 활동하기,쉬움,동기중심 준비형
247,차 마시며 음악 감상하기,쉬움,동기중심 준비형
248,친구와 함께 산책하기,쉬움,동기중심 준비형
249,간단한 종이 공예 하기,쉬움,동기중심 준비형
250,손편지 쓰기,쉬움,동기중심 준비형
251,요가 클래스 참여하기,보통,동기중심 준비형
252,미술 수업 듣기,보통,동기중심 준비형
253,정기적인 운동 루틴 만들기,보통,동기중심 준비형
254,가족 모임 주최하기,보통,동기중심 준비형
255,자원봉사 활동 참여하기,보통,동기중심 준비형
256,새로운 취미 배우기 (예: 악기 연주),보통,동기중심 준비형
257,정원 가꾸기 프로젝트 시작하기,보통,동기중심 준비형
258,온라인 강좌 수강하기,보통,동기중심 준비형
259,요리 교실 참여하기,보통,동기중심 준비형
260,책 동호회 가입하기,보통,동기중심 준비형
261,사진 찍기 취미 시작하기,보통,동기중심 준비형
262,새로운 언어 공부하기,보통,동기중심 준비형
263,문화 공연 관람하기,보통,동기중심 준비형
264,DIY 공예 프로젝트 하기,보통,동기중심 준비형
265,블로그나 SNS 운영하기,보통,동기중심 준비형
266,여행 계획 세우기,보통,동기중심 준비형
267,정기적인 독서 시간 가지기,보통,동기중심 준비형
268,명상 그룹 가입하기,보통,동기중심 준비형
269,음악 앨범 만들기,보통,동기중심 준비형
270,자서전 쓰기 시작하기,보통,동기중심 준비형
271,지역 봉사 활동 조직하기,보통,동기중심 준비형
272,지역 박물관 방문하기,보통,동기중심 준비형
273,정기적인 산책 모임 참여하기,보통,동기중심 준비형
274,아트 갤러리 방문하기,보통,동기중심 준비형
275,손뜨개 모임 참여하기,보통,동기중심 준비형
276,새로운 요리법 배우기,보통,동기중심 준비형
277,건강한 식단 계획하기,보통,동기중심 준비형
278,공예 시장 방문하기,보통,동기중심 준비형
279,사진 전시회 참여하기,보통,동기중심 준비형
280,문화 교류 행사 참여하기,보통,동기중심 준비형
281,지역 신문 기고하기,보통,동기중심 준비형
282,집 꾸미기 프로젝트 시작하기,보통,동기중심 준비형
283,새로운 친구 사귀기,보통,동기중심 준비형
284,역사 탐방하기,보통,동기중심 준비형
285,새로운 기술 기기 사용해보기,보통,동기중심 준비형
286,스마트폰 사용법 배우기,보통,동기중심 준비형
287,건강한 식사 준비하기,보통,동기중심 준비형
288,기초 공예 배우기,보통,동기중심 준비형
289,지역 축제 참여하기,보통,동기중심 준비형
290,책 읽고 토론하기,보통,동기중심 준비형
291,가족 역사 기록하기,보통,동기중심 준비형
292,지역 자연 보호 활동 참여하기,보통,동기중심 준비형
293,전통 음식 만들기,보통,동기중심 준비형
294,지역 공원 청소하기,보통,동기중심 준비형
295,지역 어린이 교육 지원하기,보통,동기중심 준비형
296,지역 동물 보호 활동 참여하기,보통,동기중심 준비형
297,지역 예술 전시회 준비하기,보통,동기중심 준비형
298,지역 음악회 준비하기,보통,동기중심 준비형
299,지역 박람회 참여하기,보통,동기중심 준비형
300,전통 공예 배우기,보통,동기중심 준비형
301,지역 축제 준비 봉사하기,보통,동기중심 준비형
302,지역 전통 축제 참여하기,보통,동기중심 준비형
303,지역 예술 작품 제작하기,보통,동기중심 준비형
304,지역 음악 밴드 참여하기,보통,동기중심 준비형
305,지역 청소년 활동 지원하기,보통,동기중심 준비형
306,지역 축제 홍보 활동 참여하기,보통,동기중심 준비형
307,지역 주민 대상 워크숍 개최하기,보통,동기중심 준비형
308,역사 연구 그룹 참여하기,보통,동기중심 준비형
309,지역 농산물 직거래 참여하기,보통,동기중심 준비형
310,지역 음식 축제 참여하기,보통,동기중심 준비형
311,걷기 대회 참가하기,어려움,동기중심 준비형
312,등산하기,어려움,동기중심 준비형
313,자전거 타기,어려움,동기중심 준비형
314,수영하기,어려움,동기중심 준비형
315,테니스 치기,어려움,동기중심 준비형
316,댄스 클래스 참여하기,어려움,동기중심 준비형
317,골프 치기,어려움,동기중심 준비형
318,조깅하기,어려움,동기중심 준비형
319,킥복싱 클래스 참여하기,어려움,동기중심 준비형
320,요가 매트에서의 동적 요가 하기,어려움,동기중심 준비형
321,실내 암벽 등반하기,어려움,동기중심 준비형
322,팀 스포츠 참여하기 (예: 배드민턴),어려움,동기중심 준비형
323,에어로빅 클래스 참여하기,어려움,동기중심 준비형
324,트램폴린 운동하기,어려움,동기중심 준비형
325,스케이트 타기,어려움,동기중심 준비형
326,하이킹 참여하기,어려움,동기중심 준비형
327,태권도 클래스 참여하기,어려움,동기중심 준비형
328,줄넘기 하기,어려움,동기중심 준비형
329,페인트볼 게임 참여하기,어려움,동기중심 준비형
330,프리스비 던지기,어려움,동기중심 준비형
331,카약 타기,어려움,동기중심 준비형
332,줄다리기 참여하기,어려움,동기중심 준비형
333,킥보드 타기,어려움,동기중심 준비형
334,댄스 파티 참석하기,어려움,동기중심 준비형
335,실내 자전거 타기,어려움,동기중심 준비형
336,줄넘기 클래스 참여하기,어려움,동기중심 준비형
337,보트 타기,어려움,동기중심 준비형
338,배드민턴 경기하기,어려움,동기중심 준비형
339,트레킹 참여하기,어려움,동기중심 준비형
340,스포츠 클라이밍 하기,어려움,동기중심 준비형
341,줄넘기 운동하기,어려움,동기중심 준비형
342,퍼포먼스 댄스 참여하기,어려움,동기중심 준비형
343,스포츠 댄스 배우기,어려움,동기중심 준비형
344,하이브리드 피트니스 클래스 참여하기,어려움,동기중심 준비형
345,스피닝 클래스 참여하기,어려움,동기중심 준비형
346,스포츠 체조 배우기,어려움,동기중심 준비형
347,퍼레이드 참여하기,어려움,동기중심 준비형
348,스포츠 게임 참여하기,어려움,동기중심 준비형
349,런닝 클럽 가입하기,어려움,동기중심 준비형
350,실내 스크린 골프 하기,어려움,동기중심 준비형
351,도자기 공예 배우기,보통,동기중심 준비형
352,지역 역사 탐방 투어 참여,보통,동기중심 준비형
353,재즈 댄스 클래스 참여,어려움,동기중심 준비형
354,비디오 편집 배우기,보통,동기중심 준비형
355,지역 스포츠 팀 응원하기,보통,동기중심 준비형
356,테라스 가꾸기,쉬움,동기중심 준비형
357,요리 레시피 개발하기,보통,동기중심 준비형
358,가족 나들이 계획하기,보통,동기중심 준비형
359,음악회 자원봉사하기,보통,동기중심 준비형
360,지역 도예 공방 방문하기,보통,동기중심 준비형
361,스마트 홈 기기 설정하기,보통,동기중심 준비형
362,주말 시장 방문하기,쉬움,동기중심 준비형
363,도시 자전거 투어 참여,어려움,동기중심 준비형
364,스포츠 경기 관람하기,보통,동기중심 준비형
365,사진 편집 소프트웨어 배우기,보통,동기중심 준비형
366,온라인 게임 클럽 참여,보통,동기중심 준비형
367,지역 연극 관람하기,보통,동기중심 준비형
368,미니 골프 치기,어려움,동기중심 준비형
369,수공예품 판매하기,보통,동기중심 준비형
370,지역 신문 기자 참여,보통,동기중심 준비형
371,비즈니스 카드 만들기,보통,동기중심 준비형
372,오래된 친구와 재회하기,쉬움,동기중심 준비형
373,아로마 테라피 배우기,보통,동기중심 준비형
374,차량 정비 기초 배우기,보통,동기중심 준비형
375,디지털 사진 앨범 만들기,보통,동기중심 준비형
376,지역 커뮤니티 센터 활동 참여,보통,동기중심 준비형
377,블루투스 스피커 사용하기,보통,동기중심 준비형
378,피아노 배우기,어려움,동기중심 준비형
379,수공예 목걸이 만들기,보통,동기중심 준비형
380,지역 도서 기부 활동 참여,보통,동기중심 준비형
381,버스 운전 체험하기,어려움,동기중심 준비형
382,다리 만들기 공모전 참여,어려움,동기중심 준비형
383,방송 청취 모임 참여,보통,동기중심 준비형
384,플로리스트 워크숍 참여,보통,동기중심 준비형
385,공동 정원 가꾸기,보통,동기중심 준비형
386,지역 동호회 리더 되기,보통,동기중심 준비형
387,어린이 그림 그리기 지도,보통,동기중심 준비형
388,전통 음악 배우기,어려움,동기중심 준비형
389,스마트폰 사진 찍기,보통,동기중심 준비형
390,지역 역사 기록 프로젝트 참여,보통,동기중심 준비형
391,아웃도어 영화 상영 참여,보통,동기중심 준비형
392,지역 축제 음식 판매,어려움,동기중심 준비형
393,가족 영화를 제작하기,어려움,동기중심 준비형
394,지역 미술 교실 운영하기,보통,동기중심 준비형
395,지역 청소 캠페인 참여,보통,동기중심 준비형
396,주말 농장 체험하기,어려움,동기중심 준비형
397,스포츠 이벤트 조직하기,어려움,동기중심 준비형
398,지역 방과 후 프로그램 지원,보통,동기중심 준비형
399,전통 의상 입어보기,보통,동기중심 준비형
400,지역 문화 유산 보호 활동 참여,보통,동기중심 준비형
401,아침 명상하기,쉬움,정서중심 활력형
402,좋아하는 음악 듣기,쉬움,정서중심 활력형
403,가벼운 산책하기,쉬움,정서중심 활력형
404,친구와 전화 통화하기,쉬움,정서중심 활력형
405,간단한 그림 그리기,쉬움,정서중심 활력형
406,차 한잔하며 대화 나누기,쉬움,정서중심 활력형
407,실내 퍼즐 맞추기,쉬움,정서중심 활력형
408,독서 시간 가지기,쉬움,정서중심 활력형
409,가족과 추억 이야기하기,쉬움,정서중심 활력형
410,손뜨개 배우기,쉬움,정서중심 활력형
411,애완동물과 시간 보내기,쉬움,정서중심 활력형
412,간단한 요리하기,쉬움,정서중심 활력형
413,사진 앨범 정리하기,쉬움,정서중심 활력형
414,일기 쓰기,쉬움,정서중심 활력형
415,편안한 음악 감상하기,쉬움,정서중심 활력형
416,실내 식물 돌보기,쉬움,정서중심 활력형
417,좋아하는 영화 보기,쉬움,정서중심 활력형
418,가벼운 스트레칭,쉬움,정서중심 활력형
419,지역 도서관 방문하기,쉬움,정서중심 활력형
420,간단한 종이접기,쉬움,정서중심 활력형
421,친구와 함께 게임하기,쉬움,정서중심 활력형
422,편안한 목욕하기,쉬움,정서중심 활력형
423,가벼운 다리 운동하기,쉬움,정서중심 활력형
424,좋아하는 향초 켜기,쉬움,정서중심 활력형
425,친구와 커피 약속하기,쉬움,정서중심 활력형
426,차 마시며 책 읽기,쉬움,정서중심 활력형
427,간단한 색칠 공부 하기,쉬움,정서중심 활력형
428,좋아하는 노래 따라 부르기,쉬움,정서중심 활력형
429,손 마사지하기,쉬움,정서중심 활력형
430,가족 사진 정리하기,쉬움,정서중심 활력형
431,취미 공예 활동하기,쉬움,정서중심 활력형
432,편안한 대화 시간 가지기,쉬움,정서중심 활력형
433,지역 행사 참여하기,쉬움,정서중심 활력형
434,간단한 손놀림 게임하기,쉬움,정서중심 활력형
435,좋아하는 음식 먹기,쉬움,정서중심 활력형
436,차 마시며 명상하기,쉬움,정서중심 활력형
437,실내 자전거 타기,쉬움,정서중심 활력형
438,손편지 쓰기,쉬움,정서중심 활력형
439,감정 일기 쓰기,쉬움,정서중심 활력형
440,집안 정리정돈하기,쉬움,정서중심 활력형
441,손쉽게 할 수 있는 공예,쉬움,정서중심 활력형
442,좋아하는 향기 맡기,쉬움,정서중심 활력형
443,취미 독서하기,쉬움,정서중심 활력형
444,가족과 함께 요리하기,쉬움,정서중심 활력형
445,실내 게임 즐기기,쉬움,정서중심 활력형
446,차 마시며 창밖 보기,쉬움,정서중심 활력형
447,가벼운 체조하기,쉬움,정서중심 활력형
448,좋아하는 시 낭독하기,쉬움,정서중심 활력형
449,친구와 산책하기,쉬움,정서중심 활력형
450,간단한 종이 공예 하기,쉬움,정서중심 활력형
451,요가 클래스 참여하기,보통,정서중심 활력형
452,미술 수업 듣기,보통,정서중심 활력형
453,정기적인 운동 루틴 만들기,보통,정서중심 활력형
454,가족 모임 주최하기,보통,정서중심 활력형
455,자원봉사 활동 참여하기,보통,정서중심 활력형
456,새로운 취미 배우기 (예: 악기 연주),보통,정서중심 활력형
457,정원 가꾸기 프로젝트 시작하기,보통,정서중심 활력형
458,온라인 강좌 수강하기,보통,정서중심 활력형
459,요리 교실 참여하기,보통,정서중심 활력형
460,책 동호회 가입하기,보통,정서중심 활력형
461,사진 찍기 취미 시작하기,보통,정서중심 활력형
462,새로운 언어 공부하기,보통,정서중심 활력형
463,문화 공연 관람하기,보통,정서중심 활력형
464,DIY 공예 프로젝트 하기,보통,정서중심 활력형
465,블로그나 SNS 운영하기,보통,정서중심 활력형
466,여행 계획 세우기,보통,정서중심 활력형
467,정기적인 독서 시간 가지기,보통,정서중심 활력형
468,명상 그룹 가입하기,보통,정서중심 활력형
469,음악 앨범 만들기,보통,정서중심 활력형
470,자서전 쓰기 시작하기,보통,정서중심 활력형
471,지역 봉사 활동 조직하기,보통,정서중심 활력형
472,지역 박물관 방문하기,보통,정서중심 활력형
473,정기적인 산책 모임 참여하기,보통,정서중심 활력형
474,아트 갤러리 방문하기,보통,정서중심 활력형
475,손뜨개 모임 참여하기,보통,정서중심 활력형
476,새로운 요리법 배우기,보통,정서중심 활력형
477,건강한 식단 계획하기,보통,정서중심 활력형
478,공예 시장 방문하기,보통,정서중심 활력형
479,사진 전시회 참여하기,보통,정서중심 활력형
480,문화 교류 행사 참여하기,보통,정서중심 활력형
481,지역 신문 기고하기,보통,정서중심 활력형
482,집 꾸미기 프로젝트 시작하기,보통,정서중심 활력형
483,새로운 친구 사귀기,보통,정서중심 활력형
484,역사 탐방하기,보통,정서중심 활력형
485,새로운 기술 기기 사용해보기,보통,정서중심 활력형
486,스마트폰 사용법 배우기,보통,정서중심 활력형
487,건강한 식사 준비하기,보통,정서중심 활력형
488,기초 공예 배우기,보통,정서중심 활력형
489,지역 축제 참여하기,보통,정서중심 활력형
490,책 읽고 토론하기,보통,정서중심 활력형
491,가족 역사 기록하기,보통,정서중심 활력형
492,지역 자연 보호 활동 참여하기,보통,정서중심 활력형
493,전통 음식 만들기,보통,정서중심 활력형
494,지역 공원 청소하기,보통,정서중심 활력형
495,지역 어린이 교육 지원하기,보통,정서중심 활력형
496,지역 동물 보호 활동 참여하기,보통,정서중심 활력형
497,지역 예술 전시회 준비하기,보통,정서중심 활력형
498,지역 음악회 준비하기,보통,정서중심 활력형
499,지역 박람회 참여하기,보통,정서중심 활력형
500,전통 공예 배우기,보통,정서중심 활력형
501,지역 축제 준비 봉사하기,보통,정서중심 활력형
502,지역 전통 축제 참여하기,보통,정서중심 활력형
503,지역 예술 작품 제작하기,보통,정서중심 활력형
504,지역 음악 밴드 참여하기,보통,정서중심 활력형
505,지역 청소년 활동 지원하기,보통,정서중심 활력형
506,지역 축제 홍보 활동 참여하기,보통,정서중심 활력형
507,지역 주민 대상 워크숍 개최하기,보통,정서중심 활력형
508,역사 연구 그룹 참여하기,보통,정서중심 활력형
509,지역 농산물 직거래 참여하기,보통,정서중심 활력형
510,지역 음식 축제 참여하기,보통,정서중심 활력형
511,걷기 대회 참가하기,어려움,정서중심 활력형
512,등산하기,어려움,정서중심 활력형
513,자전거 타기,어려움,정서중심 활력형
514,수영하기,어려움,정서중심 활력형
515,테니스 치기,어려움,정서중심 활력형
516,댄스 클래스 참여하기,어려움,정서중심 활력형
517,골프 치기,어려움,정서중심 활력형
518,조깅하기,어려움,정서중심 활력형
519,킥복싱 클래스 참여하기,어려움,정서중심 활력형
520,요가 매트에서의 동적 요가 하기,어려움,정서중심 활력형
521,실내 암벽 등반하기,어려움,정서중심 활력형
522,팀 스포츠 참여하기 (예: 배드민턴),어려움,정서중심 활력형
523,에어로빅 클래스 참여하기,어려움,정서중심 활력형
524,트램폴린 운동하기,어려움,정서중심 활력형
525,스케이트 타기,어려움,정서중심 활력형
526,하이킹 참여하기,어려움,정서중심 활력형
527,태권도 클래스 참여하기,어려움,정서중심 활력형
528,줄넘기 하기,어려움,정서중심 활력형
529,페인트볼 게임 참여하기,어려움,정서중심 활력형
530,프리스비 던지기,어려움,정서중심 활력형
531,카약 타기,어려움,정서중심 활력형
532,줄다리기 참여하기,어려움,정서중심 활력형
533,킥보드 타기,어려움,정서중심 활력형
534,댄스 파티 참석하기,어려움,정서중심 활력형
535,실내 자전거 타기,어려움,정서중심 활력형
536,줄넘기 클래스 참여하기,어려움,정서중심 활력형
537,보트 타기,어려움,정서중심 활력형
538,배드민턴 경기하기,어려움,정서중심 활력형
539,트레킹 참여하기,어려움,정서중심 활력형
540,스포츠 클라이밍 하기,어려움,정서중심 활력형
541,줄넘기 운동하기,어려움,정서중심 활력형
542,퍼포먼스 댄스 참여하기,어려움,정서중심 활력형
543,스포츠 댄스 배우기,어려움,정서중심 활력형
544,하이브리드 피트니스 클래스 참여하기,어려움,정서중심 활력형
545,스피닝 클래스 참여하기,어려움,정서중심 활력형
546,스포츠 체조 배우기,어려움,정서중심 활력형
547,퍼레이드 참여하기,어려움,정서중심 활력형
548,스포츠 게임 참여하기,어려움,정서중심 활력형
549,런닝 클럽 가입하기,어려움,정서중심 활력형
550,실내 스크린 골프 하기,어려움,정서중심 활력형
551,도자기 공예 배우기,보통,정서중심 활력형
552,지역 역사 탐방 투어 참여,보통,정서중심 활력형
553,재즈 댄스 클래스 참여,어려움,정서중심 활력형
554,비디오 편집 배우기,보통,정서중심 활력형
555,지역 스포츠 팀 응원하기,보통,정서중심 활력형
556,테라스 가꾸기,쉬움,정서중심 활력형
557,요리 레시피 개발하기,보통,정서중심 활력형
558,가족 나들이 계획하기,보통,정서중심 활력형
559,음악회 자원봉사하기,보통,정서중심 활력형
560,지역 도예 공방 방문하기,보통,정서중심 활력형
561,스마트 홈 기기 설정하기,보통,정서중심 활력형
562,주말 시장 방문하기,쉬움,정서중심 활력형
563,도시 자전거 투어 참여,어려움,정서중심 활력형
564,스포츠 경기 관람하기,보통,정서중심 활력형
565,사진 편집 소프트웨어 배우기,보통,정서중심 활력형
566,온라인 게임 클럽 참여,보통,정서중심 활력형
567,지역 연극 관람하기,보통,정서중심 활력형
568,미니 골프 치기,어려움,정서중심 활력형
569,수공예품 판매하기,보통,정서중심 활력형
570,지역 신문 기자 참여,보통,정서중심 활력형
571,비즈니스 카드 만들기,보통,정서중심 활력형
572,오래된 친구와 재회하기,쉬움,정서중심 활력형
573,아로마 테라피 배우기,보통,정서중심 활력형
574,차량 정비 기초 배우기,보통,정서중심 활력형
575,디지털 사진 앨범 만들기,보통,정서중심 활력형
576,지역 커뮤니티 센터 활동 참여,보통,정서중심 활력형
577,블루투스 스피커 사용하기,보통,정서중심 활력형
578,피아노 배우기,어려움,정서중심 활력형
579,수공예 목걸이 만들기,보통,정서중심 활력형
580,지역 도서 기부 활동 참여,보통,정서중심 활력형
581,버스 운전 체험하기,어려움,정서중심 활력형
582,다리 만들기 공모전 참여,어려움,정서중심 활력형
583,방송 청취 모임 참여,보통,정서중심 활력형
584,플로리스트 워크숍 참여,보통,정서중심 활력형
585,공동 정원 가꾸기,보통,정서중심 활력형
586,지역 동호회 리더 되기,보통,정서중심 활력형
587,어린이 그림 그리기 지도,보통,정서중심 활력형
588,전통 음악 배우기,어려움,정서중심 활력형
589,스마트폰 사진 찍기,보통,정서중심 활력형
590,지역 역사 기록 프로젝트 참여,보통,정서중심 활력형
591,아웃도어 영화 상영 참여,보통,정서중심 활력형
592,지역 축제 음식 판매,어려움,정서중심 활력형
593,가족 영화를 제작하기,어려움,정서중심 활력형
594,지역 미술 교실 운영하기,보통,정서중심 활력형
595,지역 청소 캠페인 참여,보통,정서중심 활력형
596,주말 농장 체험하기,어려움,정서중심 활력형
597,스포츠 이벤트 조직하기,어려움,정서중심 활력형
598,지역 방과 후 프로그램 지원,보통,정서중심 활력형
599,전통 의상 입어보기,보통,정서중심 활력형
600,지역 문화 유산 보호 활동 참여,보통,정서중심 활력형
601,간단한 스트레칭을 하며 요리하기,쉬움,생활기반 의무형
602,청소 도구를 이용한 손목 돌리기,쉬움,생활기반 의무형
603,식탁 닦기와 함께 어깨 스트레칭,쉬움,생활기반 의무형
604,물건 정리하며 무릎 굽히기,쉬움,생활기반 의무형
605,설거지 중 팔 돌리기,쉬움,생활기반 의무형
606,빨래 개기와 함께 다리 들어올리기,쉬움,생활기반 의무형
607,정리하면서 발목 돌리기,쉬움,생활기반 의무형
608,가벼운 청소하면서 호흡 운동,쉬움,생활기반 의무형
609,창문 닦기와 함께 가슴 펴기,쉬움,생활기반 의무형
610,책장 정리하며 팔 벌리기,쉬움,생활기반 의무형
611,바닥 닦기와 함께 가벼운 발 움직이기,쉬움,생활기반 의무형
612,빨래 개는 동안 발 스트레칭,쉬움,생활기반 의무형
613,식기 정리하며 손목 스트레칭,쉬움,생활기반 의무형
614,주방 정리와 함께 가벼운 팔 운동,쉬움,생활기반 의무형
615,옷 정리하면서 어깨 돌리기,쉬움,생활기반 의무형
616,간단한 정리 정돈과 함께 다리 스트레칭,쉬움,생활기반 의무형
617,창틀 닦기와 함께 손목 돌리기,쉬움,생활기반 의무형
618,가벼운 걸레질과 함께 호흡 운동,쉬움,생활기반 의무형
619,책 정리하며 목 스트레칭,쉬움,생활기반 의무형
620,가정용 청소기 밀기와 함께 팔 운동,쉬움,생활기반 의무형
621,주방 싱크대 청소하며 무릎 굽히기,쉬움,생활기반 의무형
622,빨래 건조대 정리하며 발 움직이기,쉬움,생활기반 의무형
623,식탁 정리와 함께 간단한 팔 돌리기,쉬움,생활기반 의무형
624,창문 닦기와 함께 심호흡,쉬움,생활기반 의무형
625,가벼운 먼지 털기와 함께 어깨 스트레칭,쉬움,생활기반 의무형
626,간단한 주방 청소와 함께 손목 운동,쉬움,생활기반 의무형
627,청소 도구 정리하며 발 스트레칭,쉬움,생활기반 의무형
628,가벼운 정리 작업과 함께 팔 벌리기,쉬움,생활기반 의무형
629,식기 정리와 함께 간단한 목 돌리기,쉬움,생활기반 의무형
630,빨래 개는 동안 다리 스트레칭,쉬움,생활기반 의무형
631,의자에 앉아 하는 간단한 팔 스트레칭,쉬움,생활기반 의무형
632,가벼운 청소하면서 깊은 호흡하기,쉬움,생활기반 의무형
633,식탁 닦기와 함께 손목 돌리기,쉬움,생활기반 의무형
634,빨래 개는 동안 어깨 스트레칭,쉬움,생활기반 의무형
635,주방 정리하며 간단한 발 움직이기,쉬움,생활기반 의무형
636,책장 정리와 함께 가벼운 팔 운동,쉬움,생활기반 의무형
637,창문 닦기와 함께 간단한 다리 스트레칭,쉬움,생활기반 의무형
638,가벼운 청소 도구 사용과 함께 팔 돌리기,쉬움,생활기반 의무형
639,설거지 중 가벼운 어깨 스트레칭,쉬움,생활기반 의무형
640,빨래 개기와 함께 손목 스트레칭,쉬움,생활기반 의무형
641,의자에서 하는 간단한 요가 동작,쉬움,생활기반 의무형
642,가벼운 발 움직임과 함께 정리 정돈,쉬움,생활기반 의무형
643,창문 닦기와 함께 팔 벌리기,쉬움,생활기반 의무형
644,책 정리하며 간단한 목 스트레칭,쉬움,생활기반 의무형
645,청소 도중 가벼운 다리 운동 하기,쉬움,생활기반 의무형
646,빨래 개기와 함께 손목 돌리기,쉬움,생활기반 의무형
647,설거지하며 간단한 호흡 운동,쉬움,생활기반 의무형
648,주방 정리와 함께 간단한 체조 동작,쉬움,생활기반 의무형
649,청소 도구를 이용한 손목 스트레칭,쉬움,생활기반 의무형
650,식탁 닦기와 함께 어깨 돌리기,쉬움,생활기반 의무형
651,바닥 청소하며 스쿼트,보통,생활기반 의무형
652,진공 청소기 사용하면서 팔 근력 강화,보통,생활기반 의무형
653,창문 닦기와 동시에 다리 스텝 운동,보통,생활기반 의무형
654,주방 청소하면서 가벼운 런지,보통,생활기반 의무형
655,설거지 후 팔 굽혀 펴기,보통,생활기반 의무형
656,빨래 개기와 함께 무릎 굽히기,보통,생활기반 의무형
657,정리하면서 가벼운 허리 돌리기,보통,생활기반 의무형
658,가벼운 걸레질과 함께 유산소 운동,보통,생활기반 의무형
659,주방 정리하면서 어깨 펴기,보통,생활기반 의무형
660,청소 도구 사용하며 가벼운 팔 스트레칭,보통,생활기반 의무형
661,바닥 닦기와 함께 발끝 터치,보통,생활기반 의무형
662,청소하면서 가벼운 복근 운동,보통,생활기반 의무형
663,설거지 중 간단한 팔 돌리기,보통,생활기반 의무형
664,빨래 개기와 함께 다리 들어올리기,보통,생활기반 의무형
665,주방 정리하며 가벼운 팔 굽혀 펴기,보통,생활기반 의무형
666,책장 정리하면서 상체 돌리기,보통,생활기반 의무형
667,창문 닦기와 함께 심호흡,보통,생활기반 의무형
668,청소 도구를 사용한 손목 강화 운동,보통,생활기반 의무형
669,빨래 개는 동안 가벼운 스트레칭,보통,생활기반 의무형
670,설거지하며 가벼운 다리 운동,보통,생활기반 의무형
671,주방 청소와 함께 가벼운 요가,보통,생활기반 의무형
672,청소 도구 정리하면서 팔 돌리기,보통,생활기반 의무형
673,책장 정리와 함께 가벼운 코어 운동,보통,생활기반 의무형
674,창문 닦기와 함께 어깨 스트레칭,보통,생활기반 의무형
675,청소 도중 가벼운 전신 스트레칭,보통,생활기반 의무형
676,빨래 개기와 함께 다리 스텝,보통,생활기반 의무형
677,설거지 후 팔 스트레칭,보통,생활기반 의무형
678,주방 정리하며 간단한 팔 굽혀 펴기,보통,생활기반 의무형
679,청소 도구 사용과 함께 가벼운 유산소 운동,보통,생활기반 의무형
680,책장 정리하면서 상체 돌리기,보통,생활기반 의무형
681,창문 닦기와 함께 가벼운 요가,보통,생활기반 의무형
682,청소 도구 사용하며 가벼운 허리 스트레칭,보통,생활기반 의무형
683,빨래 개는 동안 가벼운 발 움직이기,보통,생활기반 의무형
684,설거지 중 간단한 다리 스트레칭,보통,생활기반 의무형
685,주방 청소하면서 가벼운 팔 운동,보통,생활기반 의무형
686,청소 도구 정리하며 심호흡,보통,생활기반 의무형
687,책장 정리와 함께 간단한 유산소 운동,보통,생활기반 의무형
688,창문 닦기와 함께 팔 굽혀 펴기,보통,생활기반 의무형
689,청소 도중 간단한 복근 강화,보통,생활기반 의무형
690,빨래 개기와 함께 가벼운 허리 돌리기,보통,생활기반 의무형
691,설거지하며 간단한 팔 돌리기,보통,생활기반 의무형
692,주방 정리와 함께 간단한 코어 운동,보통,생활기반 의무형
693,청소 도구 사용하면서 가벼운 요가,보통,생활기반 의무형
694,책장 정리하며 간단한 스트레칭,보통,생활기반 의무형
695,창문 닦기와 함께 가벼운 팔 운동,보통,생활기반 의무형
696,청소 도중 간단한 다리 강화 운동,보통,생활기반 의무형
697,빨래 개기와 함께 상체 돌리기,보통,생활기반 의무형
698,설거지 후 간단한 호흡 운동,보통,생활기반 의무형
699,주방 청소와 함께 가벼운 팔 스트레칭,보통,생활기반 의무형
700,청소 도구 정리하며 가벼운 유산소 운동,보통,생활기반 의무형
701,가정용 청소기 밀기와 함께 하체 운동,어려움,생활기반 의무형
702,정원 가꾸기와 함께 전신 운동,어려움,생활기반 의무형
703,가구 재배치하면서 무거운 물건 들기,어려움,생활기반 의무형
704,대청소 중 스피드 스텝,어려움,생활기반 의무형
705,무거운 물건 옮기며 근력 강화,어려움,생활기반 의무형
706,청소기 밀기와 함께 스쿼트,어려움,생활기반 의무형
707,정리하면서 가벼운 덤벨 운동,어려움,생활기반 의무형
708,주방 청소와 함께 런지,어려움,생활기반 의무형
709,창문 닦기와 함께 코어 강화 운동,어려움,생활기반 의무형
710,가정용 청소 도구 사용하며 근력 운동,어려움,생활기반 의무형
711,정원 가꾸기와 함께 다리 근력 강화,어려움,생활기반 의무형
712,가구 재배치하며 팔 근력 강화,어려움,생활기반 의무형
713,대청소 중 빠른 속도로 움직이기,어려움,생활기반 의무형
714,무거운 물건 옮기며 전신 운동,어려움,생활기반 의무형
715,청소기 밀기와 함께 하체 강화 운동,어려움,생활기반 의무형
716,정리하면서 가벼운 덤벨 들기,어려움,생활기반 의무형
717,주방 청소와 함께 스쿼트,어려움,생활기반 의무형
718,창문 닦기와 함께 복근 강화 운동,어려움,생활기반 의무형
719,가정용 청소 도구 사용하며 팔 힘 강화,어려움,생활기반 의무형
720,정원 가꾸기와 함께 유산소 운동,어려움,생활기반 의무형
721,가구 재배치하며 상체 강화 운동,어려움,생활기반 의무형
722,대청소 중 빠른 속도로 청소하기,어려움,생활기반 의무형
723,무거운 물건 옮기며 상체 운동,어려움,생활기반 의무형
724,청소기 밀기와 함께 다리 근력 강화,어려움,생활기반 의무형
725,정리하면서 가벼운 팔 덤벨 운동,어려움,생활기반 의무형
726,주방 청소와 함께 가벼운 런지,어려움,생활기반 의무형
727,창문 닦기와 함께 하체 강화 운동,어려움,생활기반 의무형
728,가정용 청소 도구 사용하며 전신 운동,어려움,생활기반 의무형
729,정원 가꾸기와 함께 팔 근력 강화,어려움,생활기반 의무형
730,가구 재배치하며 다리 강화 운동,어려움,생활기반 의무형
731,대청소 중 스피드 스텝과 스쿼트,어려움,생활기반 의무형
732,무거운 물건 옮기며 코어 강화,어려움,생활기반 의무형
733,청소기 밀기와 함께 상체 강화 운동,어려움,생활기반 의무형
734,정리하면서 가벼운 덤벨 들기,어려움,생활기반 의무형
735,주방 청소와 함께 하체 강화 운동,어려움,생활기반 의무형
736,창문 닦기와 함께 팔 근력 강화,어려움,생활기반 의무형
737,가정용 청소 도구 사용하며 하체 운동,어려움,생활기반 의무형
738,정원 가꾸기와 함께 전신 운동,어려움,생활기반 의무형
739,가구 재배치하며 근력 강화 운동,어려움,생활기반 의무형
740,대청소 중 빠른 속도로 움직이며 스쿼트,어려움,생활기반 의무형
741,무거운 물건 옮기며 전신 근력 강화,어려움,생활기반 의무형
742,청소기 밀기와 함께 코어 강화 운동,어려움,생활기반 의무형
743,정리하면서 덤벨 들기와 스쿼트,어려움,생활기반 의무형
744,주방 청소와 함께 상체 강화 운동,어려움,생활기반 의무형
745,창문 닦기와 함께 근력 강화 운동,어려움,생활기반 의무형
746,가정용 청소 도구 사용하며 팔 운동,어려움,생활기반 의무형
747,정원 가꾸기와 함께 하체 강화 운동,어려움,생활기반 의무형
748,가구 재배치하며 전신 운동,어려움,생활기반 의무형
749,대청소 중 스피드 스텝과 하체 운동,어려움,생활기반 의무형
750,무거운 물건 옮기며 상체 근력 강화,어려움,생활기반 의무형
751,간단한 스트레칭을 하며 요리하기,쉬움,생활기반 의무형
752,청소 도구를 이용한 손목 돌리기,쉬움,생활기반 의무형
753,식탁 닦기와 함께 어깨 스트레칭,쉬움,생활기반 의무형
754,물건 정리하며 무릎 굽히기,쉬움,생활기반 의무형
755,설거지 중 팔 돌리기,쉬움,생활기반 의무형
756,빨래 개기와 함께 다리 들어올리기,쉬움,생활기반 의무형
757,정리하면서 발목 돌리기,쉬움,생활기반 의무형
758,가벼운 청소하면서 호흡 운동,쉬움,생활기반 의무형
759,창문 닦기와 함께 가슴 펴기,쉬움,생활기반 의무형
760,책장 정리하며 팔 벌리기,쉬움,생활기반 의무형
761,바닥 닦기와 함께 가벼운 발 움직이기,쉬움,생활기반 의무형
762,빨래 개는 동안 발 스트레칭,쉬움,생활기반 의무형
763,식기 정리하며 손목 스트레칭,쉬움,생활기반 의무형
764,주방 정리와 함께 가벼운 팔 운동,쉬움,생활기반 의무형
765,옷 정리하면서 어깨 돌리기,쉬움,생활기반 의무형
766,간단한 정리 정돈과 함께 다리 스트레칭,쉬움,생활기반 의무형
767,창틀 닦기와 함께 손목 돌리기,쉬움,생활기반 의무형
768,가벼운 걸레질과 함께 호흡 운동,쉬움,생활기반 의무형
769,책 정리하며 목 스트레칭,쉬움,생활기반 의무형
770,가정용 청소기 밀기와 함께 팔 운동,쉬움,생활기반 의무형
771,주방 싱크대 청소하며 무릎 굽히기,쉬움,생활기반 의무형
772,빨래 건조대 정리하며 발 움직이기,쉬움,생활기반 의무형
773,식탁 정리와 함께 간단한 팔 돌리기,쉬움,생활기반 의무형
774,창문 닦기와 함께 심호흡,쉬움,생활기반 의무형
775,가벼운 먼지 털기와 함께 어깨 스트레칭,쉬움,생활기반 의무형
776,간단한 주방 청소와 함께 손목 운동,쉬움,생활기반 의무형
777,청소 도구 정리하며 발 스트레칭,쉬움,생활기반 의무형
778,가벼운 정리 작업과 함께 팔 벌리기,쉬움,생활기반 의무형
779,식기 정리와 함께 간단한 목 돌리기,쉬움,생활기반 의무형
780,빨래 개는 동안 다리 스트레칭,쉬움,생활기반 의무형
781,의자에 앉아 하는 간단한 팔 스트레칭,쉬움,생활기반 의무형
782,가벼운 청소하면서 깊은 호흡하기,쉬움,생활기반 의무형
783,식탁 닦기와 함께 어깨 돌리기,쉬움,생활기반 의무형
784,빨래 개기와 함께 손목 스트레칭,쉬움,생활기반 의무형
785,의자에서 하는 간단한 요가 동작,쉬움,생활기반 의무형
786,가벼운 발 움직임과 함께 정리 정돈,쉬움,생활기반 의무형
787,창문 닦기와 함께 팔 벌리기,쉬움,생활기반 의무형
788,책 정리하며 간단한 목 스트레칭,쉬움,생활기반 의무형
789,청소 도중 가벼운 다리 운동 하기,쉬움,생활기반 의무형
790,빨래 개기와 함께 손목 돌리기,쉬움,생활기반 의무형
791,설거지하며 간단한 호흡 운동,쉬움,생활기반 의무형
792,주방 정리와 함께 간단한 체조 동작,쉬움,생활기반 의무형
793,청소 도구를 이용한 손목 스트레칭,쉬움,생활기반 의무형
794,식탁 닦기와 함께 어깨 돌리기,쉬움,생활기반 의무형
795,바닥 청소하며 스쿼트,보통,생활기반 의무형
796,진공 청소기 사용하면서 팔 근력 강화,보통,생활기반 의무형
797,창문 닦기와 동시에 다리 스텝 운동,보통,생활기반 의무형
798,주방 청소하면서 가벼운 런지,보통,생활기반 의무형
799,설거지 후 팔 굽혀 펴기,보통,생활기반 의무형
800,빨래 개기와 함께 무릎 굽히기,보통,생활기반 의무형
